{"type":"FeatureCollection", "features": [
{"type":"Feature","geometry":{"type":"MultiPolygon","coordinates":[[[[79.80770216240354,11.836406568099394],[79.8405729999714,11.955828715931101],[79.74926133992365,11.922204865798708],[79.80770216240354,11.836406568099394]]],[[[79.84128673482081,10.828006528052562],[79.85436081546587,10.983316684627638],[79.72476320324908,10.929025896149748],[79.84128673482081,10.828006528052562]]]]},"properties":{"shapeName":"Puducherry","shapeISO":"IN-PY","shapeID":"1811400B81659894240990","shapeGroup":"IND","shapeType":"ADM1"}},
{"type":"Feature","geometry":{"type":"Polygon","coordinates":[[[80.27289101775115,18.72299154160009],[80.34950200239747,18.848036590384222],[80.27329543030888,18.99295323534256],[80.4825129476909,19.337965905787343],[80.56260477740075,19.398951144197444],[80.71082259696158,19.281600298379463],[80.85298729954174,19.363858610091484],[80.89543000177052,19.519730621702255],[80.71467909501901,19.61657213459659],[80.67640804230723,19.69941191607745],[80.46909349266689,19.82688865849279],[80.53892584856972,19.951758620906407],[80.55207092756326,20.117988065707618],[80.3885381313721,20.16507026976833],[80.39814952639715,20.244136866718765],[80.62609579455896,20.336139535180607],[80.6255597258115,20.57802166624639],[80.5345008678544,20.934487811076533],[80.42582060338512,21.005867889288467],[80.4642767898938,21.174935917800774],[80.6148428397433,21.22716018460243],[80.66004059410011,21.334107258188677],[80.42222754257293,21.440469245184925],[80.27030155746932,21.615856019136015],[79.86314226688138,21.530797648504826],[79.74186881149816,21.60300109221432],[79.58138981925076,21.541295558187056],[79.49617793378127,21.67399874933836],[79.22075282644819,21.692695100135293],[79.07648044264953,21.60539029048929],[78.91654533898412,21.590895219535213],[78.89927491682985,21.50045437831151],[78.43956875095243,21.50229099878116],[78.40693853072673,21.608772509751898],[78.22340991723405,21.552552857335392],[78.08208365542768,21.444775845502157],[77.90702944918641,21.37782569947801],[77.48987712420644,21.377543206952204],[77.45461279922593,21.553739536679046],[77.58195004806697,21.553527058226667],[77.50259553218612,21.74582532617648],[77.12960170959393,21.722213239526422],[76.8974943875439,21.596118899746997],[76.62149647306319,21.332228399623503],[76.62318526088158,21.18491704210026],[76.49238838069246,21.193545779236675],[76.36973672730541,21.07258063789029],[76.19173770162895,21.08656426316964],[76.09562065219089,21.371118382500566],[75.36601123230206,21.3964409115487],[75.10769820737633,21.462239986523063],[75.05165974407088,21.5664957176398],[74.58211038279084,21.664856539832357],[74.50541575421181,21.726149872798004],[74.50934811140174,21.920660402428204],[74.390116277826,22.021547404349807],[74.28099466836265,21.93296055507582],[74.1467272665493,21.952820768848575],[73.87491319980879,21.842891749542666],[73.82407719292742,21.760976788075766],[73.88382195327985,21.653262932973718],[73.85338851996231,21.497287058086286],[74.1758163270267,21.568692658280778],[73.95183702634607,21.39519999597798],[73.94198602727857,21.299084561769558],[73.705286539954,21.10823522572889],[73.89222239235245,20.97931436468464],[73.94224786642097,20.74232113568666],[73.8383569555159,20.62054810478451],[73.66960111081943,20.56319736423866],[73.44839158116277,20.69221594488322],[73.46772910943082,20.496382756957374],[73.39940197061803,20.384449269990913],[73.42776011776283,20.280034461753722],[73.2106581122849,20.120451386782353],[73.05585257484312,20.098996269262575],[72.96161476684344,20.20875236311854],[72.87049414521897,20.22808482622534],[72.7374841683094,20.134820880059856],[72.66374776741944,19.93370644024976],[72.77585202257791,19.22541479238508],[72.82708430148395,19.091972538361723],[72.8106129325715,18.894294276335117],[72.868382638974,18.79963494309449],[72.89498201055662,18.46332919902329],[73.00917451906896,18.24540360744241],[72.97137311636749,18.131621297887826],[73.1241977338605,17.75252957579864],[73.1426397729443,17.544966636643956],[73.222859851534,17.354921880740903],[73.29604329534915,16.98437252831449],[73.28024022988897,16.897897875950214],[73.35107599408272,16.61272122621511],[73.31380690157755,16.54452024178163],[73.51015817972517,15.941965906695808],[73.58867796128104,15.90975293799237],[73.67538205174372,15.727022158467594],[73.93869751241573,15.742677183994847],[73.99077593155587,15.61148617167201],[74.1183538327733,15.652040596990107],[74.20150034767416,15.758649100225588],[74.30796438659084,15.748508959947015],[74.43089731776472,15.956608488205992],[74.50317920247923,16.22542015423777],[74.35054041318084,16.275380109370058],[74.30173432665205,16.5290299623679],[74.48911473641995,16.630153831111777],[74.56861576482868,16.553878924684625],[74.68765020889211,16.617895027936626],[74.77204709961673,16.750690390179233],[74.91951971634371,16.772499550153782],[74.923241442854,16.93931261544446],[75.06211043506588,16.941527834538082],[75.18191942992345,16.84341021044797],[75.27967408027672,16.956563008271107],[75.67678162617892,17.065421945219992],[75.60380390554698,17.305506266632346],[75.63305039308301,17.477215271676645],[75.9340097144135,17.322743400732154],[76.11901562625553,17.37050734122461],[76.38321760014541,17.314529891706837],[76.36465960113486,17.514970879857923],[76.53074735691102,17.758259302339457],[76.69088424464708,17.68574708202701],[76.77510685502007,17.8777108002251],[76.92072395661191,17.941568130352966],[76.95199218893312,18.188093787156273],[77.14019278031839,18.20771287810176],[77.24182368268221,18.412599321358357],[77.3535395656006,18.447658453622502],[77.44762917852789,18.2699892231803],[77.55143503514522,18.29191082540236],[77.52550434430725,18.372699991081703],[77.60046766690719,18.52729082237314],[77.73852919854446,18.55678555697549],[77.7300034534729,18.66693297957918],[77.83998238000912,18.80481836672694],[77.80037636341144,19.051116483833326],[77.87504066739606,19.258838985507065],[77.945146306978,19.342448412850008],[78.05569905755478,19.237119271653892],[78.17534369574963,19.237577799498688],[78.19246608452826,19.406692721523243],[78.3043616475715,19.456136985714377],[78.27620594386082,19.692413735000816],[78.42297024347785,19.817626549040824],[78.55202364551575,19.82408619564798],[78.84041047581142,19.756342132218094],[78.95557251984023,19.655798922139414],[78.99804545217498,19.540093407982642],[79.20386345616268,19.494095547816414],[79.27296058681955,19.598852075514706],[79.49839678690606,19.505710802116734],[79.73525220918754,19.604979268902497],[79.9448249779251,19.469836369147387],[79.9308511590645,19.25082610892065],[79.96161194475977,18.866652142803474],[80.12438291209781,18.68138780895446],[80.27289101775115,18.72299154160009]]]},"properties":{"shapeName":"Mahārāshtra","shapeISO":"IN-MH","shapeID":"1811400B15614733245507","shapeGroup":"IND","shapeType":"ADM1"}},
{"type":"Feature","geometry":{"type":"Polygon","coordinates":[[[95.23391968067268,26.68245856965871],[95.1946454837747,27.031319394633655],[95.01667161721443,26.92115992762176],[94.8659157946679,26.908831575663427],[94.79968434905616,26.799876944857715],[94.59698043584923,26.73465030243067],[94.40283086558094,26.610665996263723],[94.39515466715505,26.533705597897],[94.17164264133915,26.42988329650841],[94.17154288342684,26.338057275284644],[94.04759460175869,26.249463403460343],[93.95405637475278,25.96936005071925],[93.78741577688616,25.815860530930465],[93.70198255910707,25.851642450273506],[93.35499385367244,25.524875115955727],[93.45532843767394,25.434497347049433],[93.45389382726688,25.324915826952036],[93.63721648850593,25.263659625427614],[93.88869753464175,25.5651252552345],[94.04808921056085,25.575588181381406],[94.22157331350078,25.490807335215695],[94.5564692345505,25.59069964940731],[94.55388861009783,25.502621380478242],[94.67545193565354,25.445610547355752],[94.80550510331386,25.491776442863085],[94.93548290052524,25.666830455681534],[95.04084922421588,25.742332593564285],[95.00885122930396,25.866905070021968],[95.18568340271513,26.073299559295272],[95.11774097820255,26.101248412441766],[95.13219898271312,26.37774158037744],[95.06174618290139,26.44989018213666],[95.23391968067268,26.68245856965871]]]},"properties":{"shapeName":"Nāgāland","shapeISO":"IN-NL","shapeID":"1811400B74762431478096","shapeGroup":"IND","shapeType":"ADM1"}},
{"type":"Feature","geometry":{"type":"Polygon","coordinates":[[[73.0486243303168,8.266237866797967],[73.05580089117156,8.282031044547546],[73.04029944494948,8.272185754256146],[73.0486243303168,8.266237866797967]]]},"properties":{"shapeName":"Lakshadweep","shapeISO":"IN-LD","shapeID":"1811400B55669546485086","shapeGroup":"IND","shapeType":"ADM1"}},
{"type":"Feature","geometry":{"type":"Polygon","coordinates":[[[77.57602127409129,30.397443669214223],[77.58561061098452,30.379557401302083],[77.58674947533879,30.314808727263305],[77.40507374042585,30.089119540050884],[77.28492560639572,30.042449096682695],[77.14661583071955,29.77186353040596],[77.09636351317718,29.519522791519556],[77.13347037084033,29.223509352479002],[77.23287692508474,28.91873124874986],[77.20984478864816,28.857866895645454],[77.3254132179351,28.708905105468915],[77.3454328208287,28.513265547953917],[77.47762753978704,28.419069929391533],[77.51882170324684,28.242476305191236],[77.50123377784357,28.058546639861255],[77.54500349656288,27.953589455022428],[77.28369488032048,27.80108255520394],[77.34114225143607,27.703368483145827],[77.33998487549874,27.526618896803207],[77.68112422970692,27.19440391650266],[77.52636398891501,27.078232568234313],[77.58319061069456,26.924157125214293],[77.72260435656607,26.874315705065282],[78.09603984125756,26.893782053768817],[78.22295373746142,26.830628482261844],[78.39523211983035,26.817103716940082],[78.57230317144526,26.75130068999811],[78.72150442435832,26.796357953403486],[78.9875900647877,26.593070373937852],[79.12284631948941,26.34696831523911],[78.99430013231205,26.14620353401784],[79.01206186285813,26.083190296715255],[78.76332997769872,25.719929559562583],[78.81176103915597,25.620782074519923],[78.65827982236054,25.55985079225363],[78.49334131725995,25.578697714636146],[78.30794038205153,25.381194266814237],[78.42691782621353,25.146473223676832],[78.33397455611528,24.994906474682196],[78.17347383362114,24.879017863105393],[78.27669510168583,24.662978931418987],[78.2696883538608,24.446923459223218],[78.50201817423367,24.390307421166675],[78.78936681886056,24.17707770370989],[78.88801712638302,24.22701635170192],[78.99364689091216,24.422742871832604],[78.87719543027737,24.642207428957956],[78.75202907350814,24.600171165082962],[78.78983785137807,24.810971036084073],[78.63163563652333,24.96160969964823],[78.65261511265422,25.050585471604293],[78.53299267183002,25.300942857499578],[78.60777151730153,25.414943417816122],[78.8415360855237,25.512537149114056],[78.88024132724998,25.38589102650679],[79.15931077392658,25.10771480422896],[79.31364479555721,25.136091449909525],[79.27052084605123,25.309718337488004],[79.44696049251418,25.244542073564872],[79.38397896295417,25.142794530601677],[79.49150789265644,25.079616926744006],[79.6001318794698,25.127807038419032],[79.8661433136668,25.141065941587744],[79.85115171616573,25.22702261725306],[80.00481639050173,25.267235037155736],[80.19588456237739,25.401921538776215],[80.31544085665395,25.3888815117971],[80.43169421810738,25.177626569005557],[80.39229933075433,25.063822755567703],[80.6238071962355,25.088822031987565],[80.7663276469395,25.052769846193023],[80.83759763428372,24.92835429126074],[81.16804234740509,24.955227283633654],[81.33457383410068,25.16925194753799],[81.43828665220403,25.130572507098147],[81.57865082103602,25.190843424408023],[81.62126049133006,25.08998990976992],[81.90788212400759,24.980132910004503],[81.90354958712152,24.898763113823257],[82.40635073093866,24.681283407921406],[82.53910998715415,24.647770396111767],[82.6710388074833,24.696983247416235],[82.76885927829575,24.603539181401697],[82.71344800794189,24.38034686320575],[82.77278563833285,24.307644460715558],[82.73311271341619,24.078587916267704],[82.8103128213107,23.962879981157148],[82.9478909605104,23.87143842218992],[83.14149377567263,23.884935825545384],[83.3298774625774,24.101694597944302],[83.5032947551147,24.52543975680424],[83.52038437155512,24.677519684083258],[83.39165995593044,24.790113644946146],[83.34323767640339,24.963354761929143],[83.35383010897381,25.18889820232117],[83.80786041974716,25.40912304943395],[83.92122180875526,25.552007343564405],[84.3645996202084,25.74185293439877],[84.52018125175002,25.675029831478078],[84.62483848847451,25.791938740335656],[84.31189800741632,25.943812736364055],[84.05595483253322,26.100082524353763],[84.17553163085614,26.37323688265738],[83.91075811195158,26.449739735186657],[84.15872681270015,26.636228051089063],[84.33033654486715,26.683976007414195],[84.05240810951835,26.906445566935954],[83.98699958269061,27.197561873933644],[83.86351268473555,27.344097664674194],[83.61485865476516,27.469260102074095],[83.38815945662682,27.479408077396794],[83.33814581516725,27.333602379022754],[83.16212410450035,27.457311684669914],[82.73505325409297,27.50266695449016],[82.70906068999317,27.717704966971517],[82.44923592171686,27.67966938766095],[82.06994852649864,27.92332961296103],[81.89986799374486,27.853556389553155],[81.36557126119463,28.141086720001105],[81.12311817496804,28.37552202346166],[80.71442502630383,28.56861329157902],[80.53966474073867,28.690183202243666],[80.37763665768273,28.628728334847025],[80.06508911589948,28.836732767314864],[79.95417132322893,28.72289700588437],[79.84565752017504,28.87392981393016],[79.7066740017476,28.841071802926702],[79.42557262069555,28.866478832953828],[79.05050409314059,29.156989414382405],[78.92693963913548,29.118077284357415],[78.79539636943804,29.32506987329144],[78.92534322597605,29.433895489567103],[78.61772794354911,29.558086059381893],[78.5165370153502,29.719462080646558],[78.335651480782,29.79666482084687],[78.1305293720005,29.652591914878478],[77.83003758335119,29.66834997154569],[77.72343318087475,29.855106980111472],[77.79968368147902,30.087250923873963],[77.94412133732365,30.239313139694893],[77.57602127409129,30.397443669214223]]]},"properties":{"shapeName":"Uttar Pradesh","shapeISO":"IN-UP","shapeID":"1811400B11231190780494","shapeGroup":"IND","shapeType":"ADM1"}},
{"type":"Feature","geometry":{"type":"Polygon","coordinates":[[[79.80699829015762,11.833580813060266],[79.80770216240354,11.836406568099394],[79.74926133992365,11.922204865798708],[79.8405729999714,11.955828715931101],[79.85706671627314,12.006807197772092],[79.87379284829845,12.042623534488682],[80.1376540696415,12.410563058556344],[80.25466958962974,12.780807964844268],[80.26059255330215,12.943937306730879],[80.346776834524,13.313378267171654],[80.26826078906137,13.564496252786313],[80.22585286690544,13.48508898283696],[80.02840674275079,13.538844479516944],[79.93797313558764,13.35554602167392],[79.73500322044531,13.27596249189974],[79.43164143304087,13.336743428853723],[79.36047389046996,13.123569580372251],[79.23439708846533,13.105262416119377],[79.16309076696284,13.020305715221395],[78.89566416908804,13.095158163574173],[78.62087328132871,12.991281446343239],[78.59249357821035,12.782719673383],[78.47169431382125,12.632087614338777],[78.37939149670646,12.625062175072404],[78.23092787652435,12.760710107975598],[78.07650286992846,12.839700503930823],[77.83599545286062,12.870381119338248],[77.73990879612354,12.673043956964857],[77.59885555389157,12.667212498298946],[77.61300189869407,12.361180118019039],[77.47201668228533,12.207954992265371],[77.72767209624021,12.1815912450574],[77.77377071260499,12.120581390121522],[77.66902967564093,11.949173961533823],[77.49282607229864,11.941365885624457],[77.42801554317579,11.767078108104373],[77.29380917829273,11.809105005259582],[77.11070002054556,11.773582283515912],[76.90795728754192,11.795358759405845],[76.82278742885467,11.608190248817156],[76.56694603938146,11.618874674137968],[76.43133537055408,11.666481118384091],[76.2334053536003,11.567909180814693],[76.2646734403944,11.481328161728834],[76.54783047134538,11.35896837110648],[76.53384183477418,11.185680250525456],[76.70700608537068,11.238310447068368],[76.74677909428804,11.132688963644089],[76.6620260224516,10.929733420120467],[76.83082362443574,10.87065872572868],[76.90365879051693,10.761832364246876],[76.83860189752906,10.596327759920065],[76.82992965969254,10.30315321540764],[76.98353874448215,10.221860558688284],[77.17599452062097,10.358574913364139],[77.2881699358247,10.232322311327675],[77.20404877309507,10.088492743930303],[77.2727897980986,9.964293512469489],[77.21834772998623,9.904908890535514],[77.19813035040642,9.614461238638398],[77.30373576969309,9.598845471316883],[77.39915625378175,9.49646975013189],[77.28313586410908,9.291922041556427],[77.26779965130542,9.153421294028597],[77.17348586110406,8.991342464601434],[77.26399115562349,8.84206893499998],[77.17719002824552,8.72496950680398],[77.27456159743573,8.537748603615583],[77.09779810741458,8.29248867977566],[77.33138495653418,8.127391928010914],[77.55503670091947,8.076579218513244],[77.5827568187354,8.137331571516285],[77.79369050907727,8.162315164094085],[78.14327432519684,8.501672382616697],[78.13852612794734,8.680180243669145],[78.19541844262531,8.751649139790947],[78.17174397662458,8.882861339132429],[78.22713171381297,8.973328033442966],[78.40684630967965,9.109893389467308],[79.06650321501321,9.298000072856583],[78.9027209225317,9.46348282149052],[78.98026362002777,9.689639449117838],[79.24431368520985,10.027288515971032],[79.26689931313611,10.22897921955983],[79.38111710024057,10.316373322087422],[79.76845831957898,10.271864587511248],[79.86819828623605,10.286641829713929],[79.84128673482081,10.828006528052562],[79.72476320324908,10.929025896149748],[79.85436081546587,10.983316684627638],[79.85654115242458,11.171405784474958],[79.75724974423329,11.557507073112781],[79.79576112682633,11.785499854197658],[79.80699829015762,11.833580813060266]]]},"properties":{"shapeName":"Tamil Nādu","shapeISO":"IN-TN","shapeID":"1811400B21167269026319","shapeGroup":"IND","shapeType":"ADM1"}},
{"type":"Feature","geometry":{"type":"Polygon","coordinates":[[[80.27289101775115,18.72299154160009],[80.34583029677711,18.595472781560613],[80.45459628567733,18.630266972086115],[80.59979645039977,18.553067057075353],[80.73195566703973,18.401016809123313],[80.79173518590545,18.25093316829667],[80.95551320330459,18.132433777356525],[81.0082439412748,17.7982752842528],[81.08558432199924,17.798071960732894],[81.16831472198912,17.855666969740557],[81.39607140430347,17.819951703982543],[81.4829333934403,17.976845168158466],[81.53734294792925,18.269353450302724],[81.76952546435845,18.41894303332526],[81.9505536594786,18.570050793478124],[81.97096627351239,18.69866453450891],[82.1573365502012,18.785505287637065],[82.24603383070111,18.91913875485334],[82.16680020919293,19.136126912517096],[82.18617515947908,19.4266783713411],[82.04660761394608,19.534101360625144],[82.06020917993611,19.79639529567553],[81.85179792657271,19.92316736333813],[81.86501775707602,20.026722461274208],[82.01766529147369,20.049021465154883],[82.41800536743362,19.904095124089128],[82.70390398386824,19.83203750345378],[82.7180892535703,19.988764851502246],[82.40096000110579,20.05455197598036],[82.4380102514313,20.434212532355748],[82.33660031666108,20.55373370035821],[82.37653962889041,20.632422753199364],[82.33952918650837,20.846865367442785],[82.56013834061964,20.946726216297844],[82.64047106165772,21.154754071474265],[82.87861681503018,21.158486064579357],[83.13135073250962,21.10575245468633],[83.19821405129557,21.14534786279452],[83.33800013178436,21.502017817206017],[83.60574219103746,21.914087656654992],[83.54386704454771,22.056907000629977],[83.6273875415761,22.203726541375374],[83.75788786543201,22.240285167111214],[83.86421789636958,22.343296202898372],[84.00592864160909,22.373632517123248],[84.00912746777568,22.526052383891994],[84.02440169862135,22.591859322205305],[84.2380787441279,22.691900681854456],[84.3821703850948,22.96845964040047],[84.14692434225552,22.990528481305752],[84.03236371132625,23.160539861632774],[84.07472554451823,23.33332629388237],[83.96925751985934,23.36687292687869],[83.93766469478497,23.56904559312921],[83.77245393637294,23.610950244735537],[83.7377086840147,23.760541098710053],[83.55341841414547,23.898117768508254],[83.43418269176286,24.08425038919416],[83.3298774625774,24.101694597944302],[83.14149377567263,23.884935825545384],[82.9478909605104,23.87143842218992],[82.8103128213107,23.962879981157148],[82.63531820301716,23.837748508243738],[82.47903913925185,23.805990972056875],[82.08166616543772,23.81637065071854],[82.00751638680346,23.861789002426143],[81.77314288927776,23.81643075769835],[81.65776913389605,23.916373605472714],[81.61030333556775,23.5551129454773],[81.92327094125598,23.53269272488272],[81.99054189934817,23.418525428216473],[82.19937103820196,23.31346555426492],[82.12579915656974,23.103980370235675],[81.92676872944405,23.057611023989878],[81.95046585724442,22.98296115975324],[81.72863878972883,22.67646766839083],[81.42782693314044,22.47984204664034],[81.28125865759648,22.502981691700093],[81.11115484590043,22.437600196671028],[81.11870888512581,22.29128654243608],[80.90792665163916,22.10959700341091],[80.80388602930549,21.744787798412954],[80.7159707205823,21.67475112674038],[80.73492071563679,21.45993194450946],[80.66004059410011,21.334107258188677],[80.6148428397433,21.22716018460243],[80.4642767898938,21.174935917800774],[80.42582060338512,21.005867889288467],[80.5345008678544,20.934487811076533],[80.6255597258115,20.57802166624639],[80.62609579455896,20.336139535180607],[80.39814952639715,20.244136866718765],[80.3885381313721,20.16507026976833],[80.55207092756326,20.117988065707618],[80.53892584856972,19.951758620906407],[80.46909349266689,19.82688865849279],[80.67640804230723,19.69941191607745],[80.71467909501901,19.61657213459659],[80.89543000177052,19.519730621702255],[80.85298729954174,19.363858610091484],[80.71082259696158,19.281600298379463],[80.56260477740075,19.398951144197444],[80.4825129476909,19.337965905787343],[80.27329543030888,18.99295323534256],[80.34950200239747,18.848036590384222],[80.27289101775115,18.72299154160009]]]},"properties":{"shapeName":"Chhattīsgarh","shapeISO":"IN-CT","shapeID":"1811400B70654311394581","shapeGroup":"IND","shapeType":"ADM1"}},
{"type":"Feature","geometry":{"type":"Polygon","coordinates":[[[72.96161476684344,20.20875236311854],[73.0979147704805,20.22754191843805],[73.2106581122849,20.120451386782353],[73.42776011776283,20.280034461753722],[73.39940197061803,20.384449269990913],[73.46772910943082,20.496382756957374],[73.44839158116277,20.69221594488322],[73.66960111081943,20.56319736423866],[73.8383569555159,20.62054810478451],[73.94224786642097,20.74232113568666],[73.89222239235245,20.97931436468464],[73.705286539954,21.10823522572889],[73.94198602727857,21.299084561769558],[73.95183702634607,21.39519999597798],[74.1758163270267,21.568692658280778],[73.85338851996231,21.497287058086286],[73.88382195327985,21.653262932973718],[73.82407719292742,21.760976788075766],[73.87491319980879,21.842891749542666],[74.1467272665493,21.952820768848575],[74.0993064190195,21.999419682963456],[74.12248982007183,22.212368406174342],[74.21524655679798,22.44132859436828],[74.07405430746232,22.47760439430842],[74.27739220039285,22.645937435021988],[74.38416527593692,22.6462428268743],[74.46476351022694,22.816366552861776],[74.37786554446132,22.90724573411106],[74.32444904787452,23.061411061478427],[74.13881563855205,23.265982319346996],[73.91860480731921,23.335395576253465],[73.83025574167121,23.426158650350843],[73.63345472916313,23.46987312113543],[73.6556742756448,23.621208238510203],[73.5685627309288,23.6528145670349],[73.35385841787743,23.852765210325536],[73.41325190730939,23.939079767649705],[73.32528179686227,24.077296138374926],[73.2428035360063,24.00219505456202],[73.06745417210877,24.194596939489507],[73.16652651893149,24.299158283003358],[73.00145942448957,24.46918401191074],[72.91074011174356,24.337115948649394],[72.7308703121486,24.364199530735913],[72.5412321540007,24.518625546828957],[72.45725322153001,24.414694222139335],[72.35373858076147,24.563651318539264],[72.16481841637575,24.62117683497934],[72.06131965782146,24.71200090183998],[71.70787989431173,24.661655003839602],[71.4778130918363,24.67954082171469],[71.28758462196912,24.615841462265074],[71.0965508717385,24.68942178343348],[70.98631194850456,24.59529164919167],[70.98576985116323,24.365354853794674],[70.80600015712854,24.220589453186925],[70.57108390289808,24.251410612324516],[70.57310409629278,24.422044460046852],[70.10998551990852,24.29478921312039],[70.0251595273289,24.17099801027024],[69.73152158965,24.170900891002937],[69.59415155057573,24.292823060170402],[69.09489665097139,24.27400419290616],[68.85731045549451,24.21427293966673],[68.76926777285055,24.264406560474658],[68.75294813567781,23.97116594366066],[68.3449602633263,23.972440098330857],[68.20844197087182,23.87500889560212],[68.11931343525514,23.61589624199684],[68.31013500341564,23.57864481398337],[68.326367809433,23.49609377867267],[68.66075591015768,23.14842743918992],[69.19588325915555,22.83783322576385],[69.46796887762329,22.798157047909466],[69.71286487387452,22.805734289517645],[70.10779521165017,22.977792807197225],[70.297857052117,23.210008302432914],[70.50519047266654,23.176630923223733],[70.71788205372998,23.189223470041327],[70.45995985613997,22.850368789445003],[70.37611168873025,22.90835360944135],[70.17472904549099,22.593391172269648],[69.86058677309286,22.46244160864436],[69.69467864713586,22.44251177110898],[69.36377235896026,22.31700057434747],[69.15650799370327,22.195052387361354],[69.18141472010169,22.379051142116147],[69.00730723037202,22.44020513802737],[68.95370827517128,22.245011065987725],[69.28202157987252,21.895529055032416],[69.7059394047181,21.536854805731455],[70.0018401123594,21.204580107648823],[70.25730181989461,20.973597642421428],[70.5858776671191,20.78245934414484],[70.80312485112673,20.70052338776066],[70.92029679026379,20.742846013918975],[71.0074547796766,20.737382930228392],[71.14888938010287,20.758129241892746],[71.46227796957085,20.881439238734966],[71.51136067791838,20.944562575046415],[71.76220846837278,21.021576602610484],[71.84230179108258,21.08907129588952],[72.11238750280971,21.198742667288684],[72.08272757195236,21.245015886728275],[72.21066640996276,21.420922063297134],[72.30944327932899,21.63895795276817],[72.17718347832665,21.803630662630486],[72.33860188288409,22.17673901014271],[72.37330104268509,22.315796065959404],[72.73721562324343,22.27532000774753],[72.56673757609494,22.182191546402088],[72.50899179182849,21.9442057232327],[72.62427667957411,21.87960335701352],[72.61224675030962,21.585208394251662],[72.67261595926045,21.42625944261111],[72.6004005112494,21.289766628290806],[72.84255713007602,20.777250500591748],[72.89784854630634,20.582901855357854],[72.85555080611327,20.467484334508974],[72.82123644146087,20.367663040128463],[72.7374841683094,20.134820880059856],[72.87049414521897,20.22808482622534],[72.96161476684344,20.20875236311854]]]},"properties":{"shapeName":"Gujarāt","shapeISO":"IN-GJ","shapeID":"1811400B80305611676067","shapeGroup":"IND","shapeType":"ADM1"}},
{"type":"Feature","geometry":{"type":"Polygon","coordinates":[[[77.20984478864816,28.857866895645454],[77.06095830720729,28.87106793030986],[76.94627038769723,28.797940641751687],[76.9677892428674,28.699606999187058],[76.84249316487958,28.556084311533755],[77.12068900173902,28.49628341152401],[77.17439688575281,28.40469199328046],[77.3454328208287,28.513265547953917],[77.3254132179351,28.708905105468915],[77.20984478864816,28.857866895645454]]]},"properties":{"shapeName":"Delhi","shapeISO":"IN-DL","shapeID":"1811400B23625213884851","shapeGroup":"IND","shapeType":"ADM1"}},
{"type":"Feature","geometry":{"type":"Polygon","coordinates":[[[88.01482460061725,27.21170989137787],[88.15361405060399,27.10977387532254],[88.31658684064026,27.12563706555715],[88.43064887155253,27.079449114794897],[88.58904646818496,27.18932818260244],[88.74553283077847,27.14202526597501],[88.9153941844844,27.33072820013207],[88.77686418591803,27.468734244758267],[88.8829774542758,27.890665238857395],[88.75608579496854,28.07607915467315],[88.5663644627068,28.09039449636654],[88.4107187507427,27.9832317967904],[88.11923289980344,27.916825389580733],[88.20271685246774,27.836455700345546],[88.04496770831642,27.47817238112814],[88.06838007196835,27.33507077184256],[88.01482460061725,27.21170989137787]]]},"properties":{"shapeName":"Sikkim","shapeISO":"IN-SK","shapeID":"1811400B15456792557830","shapeGroup":"IND","shapeType":"ADM1"}},
{"type":"Feature","geometry":{"type":"Polygon","coordinates":[[[92.21169868233224,24.504481310162475],[92.0821244209229,24.37488996623603],[91.92243594882046,24.33841130627289],[91.82172277253744,24.21073238233294],[91.53969370757969,24.073225712381827],[91.41474478083846,24.108199947628663],[91.28016383105833,23.982256198301197],[91.16730638075495,23.750286782126103],[91.16083594871411,23.594537932324844],[91.25484696354557,23.486773589678783],[91.32364866525495,23.237681822352076],[91.44852116512845,23.259950728550702],[91.57498556322872,22.96875450004288],[91.71245488590483,22.98401951403619],[91.81767303698092,23.102056536697052],[91.76441800358333,23.30990280456513],[91.9759635679062,23.49710287693038],[91.93703750950328,23.68929852745872],[92.06901580005518,23.644723390474844],[92.11759362826356,23.730390350604388],[92.26538822723951,23.725112310834334],[92.3238731722712,23.904973503157233],[92.33163181178566,24.15188764118666],[92.29228206747058,24.250492575781326],[92.21169868233224,24.504481310162475]]]},"properties":{"shapeName":"Tripura","shapeISO":"IN-TR","shapeID":"1811400B57209440839078","shapeGroup":"IND","shapeType":"ADM1"}},
{"type":"Feature","geometry":{"type":"Polygon","coordinates":[[[88.01482460061725,27.21170989137787],[87.99169625910534,27.108340618966288],[88.12096239567724,26.950481480573984],[88.1870866920385,26.77140087722113],[88.10540160764585,26.551079975441777],[88.22574478928037,26.480060013937205],[88.28640357195967,26.33179486685744],[87.85678365132229,26.024651879552632],[87.83073127110269,25.870850971648483],[88.0496952568908,25.70224962411259],[88.02161105458515,25.596152099303378],[87.76485907704442,25.383899550895528],[87.7113681685111,25.257683806627348],[87.79572792827175,25.087319541451294],[87.95753385975459,24.971091736348075],[87.85431881521816,24.761758700007928],[87.90881903577042,24.585771627018524],[87.80263650640595,24.56203685979592],[87.80306880536503,24.41135025822812],[87.68472282294886,24.246286078603557],[87.43945007057252,23.981815706946353],[87.23442582874962,24.032494919669354],[87.29060827492712,23.893410124439978],[87.12251583696629,23.796197843525142],[86.88863388319102,23.84358934569216],[86.799296843207,23.688978443540073],[86.49057772802688,23.637689800008037],[86.3681038727941,23.5408268079391],[86.31014148405143,23.4118423813567],[86.14846858677393,23.465365211921792],[85.87586916250642,23.48068766903316],[85.819663238859,23.268486225659128],[85.89416296070375,23.15526662645409],[86.02372370516296,23.144506847769385],[86.22301970662602,22.99484563309043],[86.49689269762465,22.99268457458674],[86.42241104539183,22.810798737513423],[86.50288675396864,22.71717703988953],[86.76581202331212,22.575703297332883],[86.84553727031745,22.39987172480918],[86.79173246257606,22.22219093226368],[86.72695651499838,22.216793096636046],[86.85190962249895,22.102878828524602],[87.02816239243333,22.03790301845277],[87.0016816622486,21.91391439788504],[87.23585723396775,21.9570629294005],[87.27507322991681,21.81692100014762],[87.44438053689146,21.768220846583294],[87.48621588276677,21.609766410246106],[87.80639282074961,21.708851789486644],[87.98163267103087,21.863604949766376],[88.06012176344171,22.017895569324796],[88.14757100194102,21.96139243700739],[88.21209805330291,21.783101851020422],[88.44493439503695,21.91740237389516],[88.51956659862317,21.856312986123406],[88.7053931529183,21.990443246075817],[88.85905520147872,21.921795608461213],[89.0662043901399,21.94156155675308],[89.06873782429405,22.19379572854461],[88.98465054511865,22.326448677788477],[88.99574769702973,22.471827472976177],[88.9122301931879,22.75857152412944],[88.86054266516383,23.07739690652355],[88.98068186275357,23.191815088139617],[88.74933683488398,23.321382439594238],[88.75311225639373,23.47811424677083],[88.59335399687184,23.616523348954516],[88.58455480013619,23.869649796915215],[88.7689130158786,23.982615968628647],[88.71370354846005,24.1228685740386],[88.74128909505316,24.254030118288988],[88.55919595884178,24.30812753312683],[88.12393321954323,24.516967246242263],[88.02441569371685,24.688135386490416],[88.16341166279415,24.850544351138257],[88.26827029102552,24.891017125001603],[88.44769751942611,25.041476075034048],[88.44187683254204,25.1987017109859],[88.71200125806465,25.207547081030803],[88.92062081547105,25.16537096404756],[88.98469667540509,25.30495111265802],[88.8400565851095,25.363474187263638],[88.79997643321333,25.524247866002728],[88.64635406773054,25.477746106184814],[88.54108198090648,25.511112293545235],[88.37485324263132,25.711907400345932],[88.15125188385198,25.775972654145434],[88.09311417989842,25.930232857252896],[88.1765945222336,26.021417414857993],[88.17714620819231,26.147889994288683],[88.31975726836578,26.203402821197134],[88.36848240860265,26.304518033263392],[88.51100602766468,26.388421708344108],[88.33106532943424,26.492221750583052],[88.37786047162251,26.59716214622516],[88.69860335991247,26.331250711828883],[89.05897055270262,26.2543328446989],[89.1551947468996,26.138667563251182],[89.34102549453044,26.015479511545855],[89.48047556198382,25.996156319728122],[89.63087542170913,26.063022415828883],[89.71960293141667,26.165857988761047],[89.71970901167195,26.25737278821389],[89.86903508100215,26.453676068761393],[89.85183119077276,26.697153768820364],[89.36969045317569,26.857274054908846],[89.12888534969404,26.80652864694383],[88.97538789584983,26.912816011941338],[88.86605954092049,27.109186621826993],[88.74553283077847,27.14202526597501],[88.58904646818496,27.18932818260244],[88.43064887155253,27.079449114794897],[88.31658684064026,27.12563706555715],[88.15361405060399,27.10977387532254],[88.01482460061725,27.21170989137787]]]},"properties":{"shapeName":"West Bengal","shapeISO":"IN-WB","shapeID":"1811400B32673734874058","shapeGroup":"IND","shapeType":"ADM1"}},
{"type":"Feature","geometry":{"type":"Polygon","coordinates":[[[81.39607140430347,17.819951703982543],[81.6172208213963,17.823140620344567],[82.00573318874369,18.05704531000713],[82.34220960480597,18.0587384633233],[82.34297139682813,18.28128594218252],[82.3802896550271,18.43331809269139],[82.47963916355602,18.541329535738818],[82.62120006261964,18.35974202224911],[82.76938982689582,18.33831159508073],[82.81390364082624,18.451643256061793],[82.96524605516846,18.359668811281868],[83.04568529933125,18.544038027117235],[82.99901562933026,18.608616912811367],[83.13715228258316,18.786304298858674],[83.21614710763436,18.74650706087982],[83.4021656561602,18.843738338386586],[83.30849763517217,18.996511195539085],[83.47775605313412,19.009394238763814],[83.60868549321813,19.096988740170143],[83.7927209532621,19.018880704893114],[83.85148442993075,18.859390110723137],[84.07598928727342,18.76569145862573],[84.31897995411211,18.787960366782166],[84.4287668774344,18.969995251074128],[84.60507051896334,19.130071367082007],[84.76474238480944,19.07727724241187],[84.98354803803717,19.3178662081627],[85.3072929064621,19.561521571994135],[85.6790662249087,19.745131753254913],[86.35503883638732,19.94800341561099],[86.5125979374487,20.158816048564557],[86.78443063165493,20.333163780770395],[86.77525925211731,20.52144307407802],[87.05564963997816,20.715043005856153],[86.85185797026844,21.09665173369899],[86.86325891264568,21.222601878757445],[86.94495671897944,21.352813717976833],[87.14782031132137,21.508681513619223],[87.3956873937467,21.539699539809504],[87.48621588276677,21.609766410246106],[87.44438053689146,21.768220846583294],[87.27507322991681,21.81692100014762],[87.23585723396775,21.9570629294005],[87.0016816622486,21.91391439788504],[87.02816239243333,22.03790301845277],[86.85190962249895,22.102878828524602],[86.72695651499838,22.216793096636046],[86.488272261139,22.34506549249875],[86.36777974177497,22.34384075049632],[86.26929037192724,22.442277614624878],[85.9733594943671,22.50584320254034],[86.03125535118492,22.189993176891246],[85.91222070859385,21.989457596623925],[85.75700939764663,22.07830101647553],[85.54513621504468,22.089692068493235],[85.37128867619869,22.161014684654212],[85.2142560049618,22.049394990055884],[85.02981415696475,22.162385776350167],[85.09954042632411,22.293479645114072],[85.05700669780757,22.486198630587857],[84.90942677552327,22.42268587566656],[84.75903844657296,22.44665163292526],[84.47473924097586,22.40803294605922],[84.40047796973678,22.346413158559326],[84.19683971071797,22.378084457756753],[84.14268308049051,22.471645053343288],[84.00912746777568,22.526052383891994],[84.00592864160909,22.373632517123248],[83.86421789636958,22.343296202898372],[83.75788786543201,22.240285167111214],[83.6273875415761,22.203726541375374],[83.54386704454771,22.056907000629977],[83.60574219103746,21.914087656654992],[83.33800013178436,21.502017817206017],[83.19821405129557,21.14534786279452],[83.13135073250962,21.10575245468633],[82.87861681503018,21.158486064579357],[82.64047106165772,21.154754071474265],[82.56013834061964,20.946726216297844],[82.33952918650837,20.846865367442785],[82.37653962889041,20.632422753199364],[82.33660031666108,20.55373370035821],[82.4380102514313,20.434212532355748],[82.40096000110579,20.05455197598036],[82.7180892535703,19.988764851502246],[82.70390398386824,19.83203750345378],[82.41800536743362,19.904095124089128],[82.01766529147369,20.049021465154883],[81.86501775707602,20.026722461274208],[81.85179792657271,19.92316736333813],[82.06020917993611,19.79639529567553],[82.04660761394608,19.534101360625144],[82.18617515947908,19.4266783713411],[82.16680020919293,19.136126912517096],[82.24603383070111,18.91913875485334],[82.1573365502012,18.785505287637065],[81.97096627351239,18.69866453450891],[81.9505536594786,18.570050793478124],[81.76952546435845,18.41894303332526],[81.53734294792925,18.269353450302724],[81.4829333934403,17.976845168158466],[81.39607140430347,17.819951703982543]]]},"properties":{"shapeName":"Odisha","shapeISO":"IN-OR","shapeID":"1811400B82358585030651","shapeGroup":"IND","shapeType":"ADM1"}},
{"type":"Feature","geometry":{"type":"Polygon","coordinates":[[[83.5032947551147,24.52543975680424],[83.71863425971696,24.503351043564614],[83.93300741243212,24.547348165954354],[83.99803838453244,24.63826997567509],[84.1083415723435,24.477495142997405],[84.25901801076834,24.534244036449106],[84.34197003681696,24.39325947374771],[84.53511327118487,24.36366287681179],[84.7489685029179,24.49618220127356],[84.91660020395265,24.37330801078998],[85.08900057574056,24.372390090297024],[85.32160167834608,24.519816843031983],[85.6761453599489,24.61647290981942],[85.73668833631336,24.820782013190378],[85.91956907404334,24.744826859272965],[86.05529386304778,24.779738484569254],[86.12460550151307,24.61128275362537],[86.28477368026542,24.58796587877305],[86.27613316822978,24.46591216118944],[86.46698664814244,24.38093629499591],[86.51667368552091,24.535365915191385],[86.78701578541327,24.616453037710173],[87.05107242805985,24.60855888838768],[87.0786860299376,24.777565118524212],[87.15671513282068,24.881013618677645],[87.14576730785927,25.019334026697774],[87.3184066288178,25.195283029299166],[87.54273667400614,25.294052576596048],[87.7113681685111,25.257683806627348],[87.76485907704442,25.383899550895528],[88.02161105458515,25.596152099303378],[88.0496952568908,25.70224962411259],[87.83073127110269,25.870850971648483],[87.85678365132229,26.024651879552632],[88.28640357195967,26.33179486685744],[88.22574478928037,26.480060013937205],[88.10540160764585,26.551079975441777],[88.0684713506827,26.415030892622916],[87.89995961238492,26.47775483995277],[87.76669532152006,26.410945299869393],[87.58425856264454,26.393359894175607],[87.46371440811801,26.44019774361862],[87.34024963387172,26.34773755143224],[87.16221779722954,26.404517591711294],[87.01649586583727,26.53183010272585],[86.7465828588168,26.428577269543833],[86.54202251598979,26.53831573389969],[86.30747666140546,26.620339241209184],[86.2179381867954,26.588631812207083],[86.02727627890528,26.666270272118503],[85.85869655610682,26.568975960218356],[85.72365833869422,26.674010369036527],[85.73466926491447,26.795850018467675],[85.62410176220412,26.87367984489374],[85.33434359254181,26.741718631778806],[85.19731127959018,26.76963411426989],[85.19052789786052,26.87020609140584],[84.64327601981222,27.046464544150513],[84.6898998092584,27.221620267457226],[84.6201546788713,27.339288955806197],[84.28394163537557,27.39484931156874],[84.12896809680598,27.51185909377175],[84.04649185266784,27.44587962470941],[83.83238182458423,27.430881921926797],[83.86351268473555,27.344097664674194],[83.98699958269061,27.197561873933644],[84.05240810951835,26.906445566935954],[84.33033654486715,26.683976007414195],[84.15872681270015,26.636228051089063],[83.91075811195158,26.449739735186657],[84.17553163085614,26.37323688265738],[84.05595483253322,26.100082524353763],[84.31189800741632,25.943812736364055],[84.62483848847451,25.791938740335656],[84.52018125175002,25.675029831478078],[84.3645996202084,25.74185293439877],[83.92122180875526,25.552007343564405],[83.80786041974716,25.40912304943395],[83.35383010897381,25.18889820232117],[83.34323767640339,24.963354761929143],[83.39165995593044,24.790113644946146],[83.52038437155512,24.677519684083258],[83.5032947551147,24.52543975680424]]]},"properties":{"shapeName":"Bihār","shapeISO":"IN-BR","shapeID":"1811400B26595099860318","shapeGroup":"IND","shapeType":"ADM1"}},
{"type":"Feature","geometry":{"type":"Polygon","coordinates":[[[74.133484414022,35.10748800859642],[74.25320393308402,35.03740961470896],[74.51542053587292,35.094754625467544],[74.60523439700006,34.91501205500009],[74.72950650600018,34.836524407000184],[74.95802002200014,34.789922366000155],[75.10286788600018,34.89675277599997],[75.24458169400009,34.789922366000155],[75.25397831300012,34.60294264800018],[75.36333544300015,34.53813084300003],[75.40421898971903,34.28531990242658],[75.68986886400006,34.19374332400008],[75.7376947790001,34.056615908000026],[75.88950733100012,33.96870354100008],[76.0269324190001,33.970688019000136],[76.26273813450524,33.74900259361806],[76.30229685270223,33.567463164411265],[76.50702311166714,33.51029027520934],[76.77123347761841,33.24962940430635],[76.97161719156682,33.000452089745714],[77.14972556197627,32.97814603210874],[77.32252230101024,32.85116893977853],[77.46900668199149,32.85844811674957],[77.71305201858443,32.98256852095428],[77.79197057217641,32.855788069541305],[77.93367564545325,32.760735507498],[78.01583755559874,32.6197566691326],[78.21946668324266,32.664700490614386],[78.38771674139986,32.75693213546174],[78.39859088115179,32.52574167419204],[78.66088379582413,32.65379469465398],[78.76122695244828,32.654847928454615],[78.8257763754541,32.438489310827435],[78.99232874348854,32.34501112864359],[79.11360967195662,32.38401741778415],[79.31923253311845,32.59250961086184],[79.44660030671292,32.53230471134634],[79.62534275206724,32.73731239485903],[79.38194947109798,32.97206009310338],[79.44592450322637,33.26451923277415],[79.0958322442491,33.29431805426947],[78.93187744918185,33.43250360452919],[78.91559758940997,33.62211038962454],[79.09062924434443,33.67922040120743],[78.9036260174014,33.97158037339176],[79.15012424609836,34.067765648833756],[79.3972235492302,34.02675007010521],[79.57763156544439,34.22881612543438],[79.5786507059309,34.48956664265745],[79.7924421572788,34.48469555090901],[79.77432310925207,34.627223293237535],[79.85906556210347,34.688380694063085],[80.06944062969598,34.71933857396618],[80.07152084582293,34.82805157669344],[80.16924741124717,34.98846938553697],[80.18189177469128,35.16632600868081],[80.32697716795815,35.4721490633346],[80.28983988884795,35.606981920862324],[80.12280270364789,35.6737035734148],[80.00843010897228,35.83079670112221],[79.8694810157831,35.7825690325634],[79.42051181152391,35.89605299389126],[79.38312343981698,35.99380256972364],[79.24028893000485,35.98626596406342],[79.143719737823,35.84140528909046],[78.95901018827806,35.892108654249],[78.6567370116743,35.85346638696893],[78.51983154802713,35.763286139728564],[78.2719359674478,35.72147056212111],[78.15023847580943,35.57768978308724],[77.96538866511264,35.57111806571265],[77.90460181501322,35.46884572127942],[77.34740338140563,35.493211423556204],[77.43661409939608,35.64059761466689],[77.22331051229935,35.714476123865495],[77.11827718060965,35.795902879227356],[76.93398979792585,35.78354358802392],[76.72156176729538,35.95290000982175],[76.80063375313796,36.04732174618687],[76.69606558167891,36.135350180983664],[76.48052644447097,36.21085322147542],[76.35124351119993,36.35930296302456],[76.25360852901889,36.347223921787645],[76.07615817185996,36.47369102143796],[75.7472440756934,36.587808366196214],[75.61540456676823,36.7609851934875],[75.47315473534019,36.81013151336168],[75.42718739517767,36.949982508463904],[75.26393098544668,37.05128027438769],[75.09495242234016,36.94215044647791],[74.9099157638608,36.91180680508404],[74.70773463870825,37.07695770947453],[74.42898651312049,36.989378909584445],[73.90559915943419,36.730839256330626],[73.69975314507764,36.684223834768204],[73.43549130566066,36.743900216733664],[73.19310909920495,36.72015881565318],[72.99131864867428,36.457465200246645],[72.7778445460653,36.30924885913083],[72.59641456056966,36.26361792095264],[72.5303944499168,36.07403567774418],[72.53305453574626,35.91683416469073],[72.69402103651169,35.83260244350856],[72.9009113127417,35.8810723907024],[73.15343719207954,35.841083035364875],[73.1385509930123,35.71799421657437],[73.40208915951797,35.56562217737036],[73.64189394311671,35.56849669857081],[73.79431142346169,35.45961367964867],[73.69905731994004,35.322679692757106],[73.77671375043923,35.24332777631781],[74.133484414022,35.10748800859642]]]},"properties":{"shapeName":"Ladākh","shapeISO":"IN-LA","shapeID":"1811400B23769854471902","shapeGroup":"IND","shapeType":"ADM1"}},
{"type":"Feature","geometry":{"type":"Polygon","coordinates":[[[77.28369488032048,27.80108255520394],[77.10846971659579,27.786328477081177],[76.89830015569251,27.67754923309639],[76.97053708601528,28.138448502856356],[76.87488904698702,28.217789138929348],[76.71574083337457,28.127752181764475],[76.60506183177114,28.00395365708487],[76.47572146201739,28.148585994480744],[76.3565297031848,28.067474291049553],[76.17793812628906,28.045592989280337],[76.16815876067895,27.90337256369765],[75.97137211852048,27.851956598389656],[75.9383137055348,27.9140729211445],[76.07063276031158,28.165133760961748],[75.92953996346104,28.359136436395392],[75.81559318100985,28.40976256013031],[75.56149396533407,28.613221116361956],[75.49693918567426,28.856981883533187],[75.52034574890439,29.00378802219436],[75.39123600632851,29.062714622548942],[75.41196827597466,29.242760297604462],[75.34058247962065,29.281142975462963],[75.07551157883117,29.229695063050187],[74.93825471221136,29.36203866686257],[74.60731053848694,29.356226398432227],[74.57588276986289,29.56010980921998],[74.616092094107,29.752155861702988],[74.5271597397686,29.94278637118108],[73.89468376185788,29.973831442243775],[73.9725888702823,30.198127560826826],[73.8062347532446,30.067678359211545],[73.39699061661265,29.945880838385424],[73.28242142743372,29.571966235183602],[72.94523685505989,29.02773503166105],[72.40365834018904,28.783240998046015],[72.29929864075804,28.669502190393537],[72.20611721829479,28.39412402724347],[71.92773446088935,28.12161360385348],[71.8982659735955,27.9615331595678],[71.66597639954401,27.877770605240695],[71.38259685230386,27.8724974899032],[71.20512550600849,27.83534678454248],[70.90584839952342,27.709506103847616],[70.75906258705197,27.721209107323165],[70.67705904000958,27.921813252221344],[70.50541726763137,28.036953954192],[70.37191892521082,28.011794687524688],[70.12307909489357,27.787566674481702],[70.02565331596921,27.562880454230196],[69.86290857225093,27.40220308521132],[69.58690286039355,27.18353288172891],[69.5131019981954,27.010006601795624],[69.51008650560189,26.74357252253747],[69.88592549481983,26.578806111903273],[70.05602328510854,26.60058496530485],[70.17402977980582,26.551401439766384],[70.17492547829752,26.251373462272927],[70.083184406476,26.08342885286408],[70.09951715995022,25.938344584969506],[70.26837380909629,25.71377813821129],[70.38674341630613,25.67391934614868],[70.60853497521516,25.715094876353746],[70.67370873363159,25.675984684897227],[70.66451003542788,25.397065768745456],[70.8881684650755,25.14834688443521],[70.93737446270421,24.938815389319483],[71.0965508717385,24.68942178343348],[71.28758462196912,24.615841462265074],[71.4778130918363,24.67954082171469],[71.70787989431173,24.661655003839602],[72.06131965782146,24.71200090183998],[72.16481841637575,24.62117683497934],[72.35373858076147,24.563651318539264],[72.45725322153001,24.414694222139335],[72.5412321540007,24.518625546828957],[72.7308703121486,24.364199530735913],[72.91074011174356,24.337115948649394],[73.00145942448957,24.46918401191074],[73.16652651893149,24.299158283003358],[73.06745417210877,24.194596939489507],[73.2428035360063,24.00219505456202],[73.32528179686227,24.077296138374926],[73.41325190730939,23.939079767649705],[73.35385841787743,23.852765210325536],[73.5685627309288,23.6528145670349],[73.6556742756448,23.621208238510203],[73.63345472916313,23.46987312113543],[73.83025574167121,23.426158650350843],[73.91860480731921,23.335395576253465],[74.13881563855205,23.265982319346996],[74.32444904787452,23.061411061478427],[74.46413587620252,23.081744373420378],[74.64933085736072,23.17522893856686],[74.51497456635165,23.315747398393725],[74.57504977647298,23.423318318825373],[74.83996791515513,23.549859910026857],[74.93651696531165,23.628550816697626],[74.90249829820303,23.873155886913292],[74.93930793298306,24.05381874754275],[74.74443731468058,24.46853030087853],[74.78651513741066,24.58581395413033],[74.99228910688146,24.69335595208707],[74.8609022159087,24.79854424176582],[75.0482752208637,24.849861505170225],[75.19252333218341,25.033476641931095],[75.33548315607942,24.94369496556718],[75.21562671849674,24.80246881476821],[75.22837782874605,24.71756400538128],[75.64603480030314,24.685128110860347],[75.75682849790375,24.761506083794536],[75.91474567642054,24.57229927906008],[75.90919065550197,24.455028373941417],[75.7400593248982,24.376911995308976],[75.81806807105863,24.238651583094807],[75.75200807341047,24.14801342384128],[75.76547694655491,23.992737564067458],[75.5210945521859,24.024591741785418],[75.45943434379751,23.920507377626755],[75.58354172518733,23.79472778177053],[75.98738071402609,23.940934705896915],[75.96345367320853,24.018657575303312],[76.12707980435769,24.088023497969342],[76.11744142843312,24.194140359822185],[76.33984907981178,24.24398456718694],[76.50483483899123,24.203103099591413],[76.61644293485534,24.25781789063322],[76.80197816191058,24.116543684470514],[76.91229083503268,24.23793437513489],[76.84149821871866,24.322509949861647],[76.84646880020495,24.486358963245696],[76.97782534698574,24.461228482289567],[77.06511122505398,24.6438168030121],[76.96353677372092,24.756511680475292],[76.86193272020435,24.96135122943132],[76.87616198130418,25.04151853814623],[77.08213280039982,25.058153327550702],[77.1745831532236,25.11170961086268],[77.37579893439883,25.104793887844636],[77.41448819779117,25.220397850109457],[77.33155747888281,25.42721186640663],[77.20917624175247,25.30616024636944],[76.7777008553873,25.315465462411822],[76.62341965649202,25.376739427675744],[76.51636456833918,25.527573550137678],[76.53013147913875,25.811389867058804],[76.64189326506987,25.90794099496885],[76.79096963598876,25.943127335841957],[76.90114892456255,26.09316869342429],[77.20385448277048,26.23003545034622],[77.4376072354517,26.403408796800104],[77.52353515635606,26.40730663333909],[77.83250133339216,26.5614557379193],[78.00060882352386,26.694931483536497],[78.09573703983655,26.681226311297458],[78.22295373746142,26.830628482261844],[78.09603984125756,26.893782053768817],[77.72260435656607,26.874315705065282],[77.58319061069456,26.924157125214293],[77.52636398891501,27.078232568234313],[77.68112422970692,27.19440391650266],[77.33998487549874,27.526618896803207],[77.34114225143607,27.703368483145827],[77.28369488032048,27.80108255520394]]]},"properties":{"shapeName":"Rājasthān","shapeISO":"IN-RJ","shapeID":"1811400B37341166588993","shapeGroup":"IND","shapeType":"ADM1"}},
{"type":"Feature","geometry":{"type":"Polygon","coordinates":[[[77.55143503514522,18.29191082540236],[77.64895083693918,17.99887494360134],[77.61908327397863,17.904057059048046],[77.4524751717691,17.694704189365932],[77.44316300376857,17.583965336844308],[77.66204955298257,17.5228258354269],[77.51303975890434,17.43087443006733],[77.37795722759881,17.13994988653064],[77.50223851204784,17.009378871200393],[77.41691979802643,16.517315733380705],[77.48972198605519,16.38503250477535],[77.51346826787129,15.926810324278092],[77.80355735352808,15.874152750496034],[77.8880184791854,15.906102823236845],[78.09882691383389,15.836037339275594],[78.17538044582793,15.858098701706663],[78.2994539822911,16.011567687707913],[78.4079250506903,16.074834056267036],[78.65025169724399,16.07883469483395],[78.73552554041696,16.008181935167837],[78.83307042696484,16.137353649142845],[79.00953436297475,16.240246773700242],[79.2226788234005,16.241890341000218],[79.2077462002978,16.384784028788687],[79.252239801236,16.559284133470417],[79.41865977736043,16.580279827467706],[79.59894088408296,16.673261749075408],[79.79252612101166,16.725535164499338],[79.9630835172475,16.64357419213043],[80.05496740413122,16.74468814794516],[80.00396276011479,16.86183403454882],[80.05545623856274,16.971461635521834],[80.282669732981,17.007714672855634],[80.34090359799244,16.8597453318909],[80.4644623180511,16.795495498552807],[80.60194711241137,16.918637321008365],[80.3713633977619,16.97585232185577],[80.58002435043493,17.153117438131826],[80.699453656168,17.083841765196016],[80.87611017839839,17.074927621673822],[80.99844983341255,17.19051409389376],[81.1594709167131,17.23085061382367],[81.27402587388303,17.31724568432279],[81.12236560505058,17.52577696974249],[81.01482580393676,17.522174346808637],[80.8855466175387,17.735722858532565],[81.08558432199924,17.798071960732894],[81.0082439412748,17.7982752842528],[80.95551320330459,18.132433777356525],[80.79173518590545,18.25093316829667],[80.73195566703973,18.401016809123313],[80.59979645039977,18.553067057075353],[80.45459628567733,18.630266972086115],[80.34583029677711,18.595472781560613],[80.27289101775115,18.72299154160009],[80.12438291209781,18.68138780895446],[79.96161194475977,18.866652142803474],[79.9308511590645,19.25082610892065],[79.9448249779251,19.469836369147387],[79.73525220918754,19.604979268902497],[79.49839678690606,19.505710802116734],[79.27296058681955,19.598852075514706],[79.20386345616268,19.494095547816414],[78.99804545217498,19.540093407982642],[78.95557251984023,19.655798922139414],[78.84041047581142,19.756342132218094],[78.55202364551575,19.82408619564798],[78.42297024347785,19.817626549040824],[78.27620594386082,19.692413735000816],[78.3043616475715,19.456136985714377],[78.19246608452826,19.406692721523243],[78.17534369574963,19.237577799498688],[78.05569905755478,19.237119271653892],[77.945146306978,19.342448412850008],[77.87504066739606,19.258838985507065],[77.80037636341144,19.051116483833326],[77.83998238000912,18.80481836672694],[77.7300034534729,18.66693297957918],[77.73852919854446,18.55678555697549],[77.60046766690719,18.52729082237314],[77.52550434430725,18.372699991081703],[77.55143503514522,18.29191082540236]]]},"properties":{"shapeName":"Telangāna","shapeISO":"IN-TG","shapeID":"1811400B25711494603400","shapeGroup":"IND","shapeType":"ADM1"}},
{"type":"Feature","geometry":{"type":"Polygon","coordinates":[[[80.26826078906137,13.564496252786313],[80.25469628037347,13.776494759309518],[80.14275389534099,14.054832090721304],[80.13116931306514,14.228776286660722],[80.19599454581258,14.58654774306306],[80.11111518611854,14.743869791483684],[80.04700170653702,15.080596743134075],[80.12306909365546,15.36827638161907],[80.23823648984671,15.602417381133016],[80.34560957711855,15.75158671614836],[80.64022533996732,15.877626600332755],[80.78191292304557,15.863334022059291],[80.84368507858635,15.706945622018505],[81.00851532681371,15.754527186678457],[81.0008980839216,15.832426031153222],[81.14800588672688,15.974086334832535],[81.21371834236128,16.207592186625856],[81.34155832526625,16.322434326015337],[81.5113950480654,16.35507871059219],[81.7207766975313,16.3069322297365],[82.31183685897408,16.56157797050508],[82.34822740362293,16.85464474093637],[82.2482424421334,16.90476192286523],[82.28770468336982,17.013003408186016],[82.422118153045,17.156063155987002],[82.72622916504079,17.355223329558854],[83.16187074814917,17.560089160961674],[83.34680636143035,17.726274120991867],[83.56863683805244,18.00986112798744],[83.7497032385216,18.128911165120506],[84.07169591693373,18.276560613612105],[84.35468481200965,18.55499387529996],[84.76474238480944,19.07727724241187],[84.60507051896334,19.130071367082007],[84.4287668774344,18.969995251074128],[84.31897995411211,18.787960366782166],[84.07598928727342,18.76569145862573],[83.85148442993075,18.859390110723137],[83.7927209532621,19.018880704893114],[83.60868549321813,19.096988740170143],[83.47775605313412,19.009394238763814],[83.30849763517217,18.996511195539085],[83.4021656561602,18.843738338386586],[83.21614710763436,18.74650706087982],[83.13715228258316,18.786304298858674],[82.99901562933026,18.608616912811367],[83.04568529933125,18.544038027117235],[82.96524605516846,18.359668811281868],[82.81390364082624,18.451643256061793],[82.76938982689582,18.33831159508073],[82.62120006261964,18.35974202224911],[82.47963916355602,18.541329535738818],[82.3802896550271,18.43331809269139],[82.34297139682813,18.28128594218252],[82.34220960480597,18.0587384633233],[82.00573318874369,18.05704531000713],[81.6172208213963,17.823140620344567],[81.39607140430347,17.819951703982543],[81.16831472198912,17.855666969740557],[81.08558432199924,17.798071960732894],[80.8855466175387,17.735722858532565],[81.01482580393676,17.522174346808637],[81.12236560505058,17.52577696974249],[81.27402587388303,17.31724568432279],[81.1594709167131,17.23085061382367],[80.99844983341255,17.19051409389376],[80.87611017839839,17.074927621673822],[80.699453656168,17.083841765196016],[80.58002435043493,17.153117438131826],[80.3713633977619,16.97585232185577],[80.60194711241137,16.918637321008365],[80.4644623180511,16.795495498552807],[80.34090359799244,16.8597453318909],[80.282669732981,17.007714672855634],[80.05545623856274,16.971461635521834],[80.00396276011479,16.86183403454882],[80.05496740413122,16.74468814794516],[79.9630835172475,16.64357419213043],[79.79252612101166,16.725535164499338],[79.59894088408296,16.673261749075408],[79.41865977736043,16.580279827467706],[79.252239801236,16.559284133470417],[79.2077462002978,16.384784028788687],[79.2226788234005,16.241890341000218],[79.00953436297475,16.240246773700242],[78.83307042696484,16.137353649142845],[78.73552554041696,16.008181935167837],[78.65025169724399,16.07883469483395],[78.4079250506903,16.074834056267036],[78.2994539822911,16.011567687707913],[78.17538044582793,15.858098701706663],[78.09882691383389,15.836037339275594],[77.8880184791854,15.906102823236845],[77.80355735352808,15.874152750496034],[77.51346826787129,15.926810324278092],[77.18532270558305,15.956761165852102],[77.07106524887567,15.908847777748655],[77.0304640507585,15.634515061458835],[77.04477080951791,15.355715777078451],[77.15196919602653,15.275709786111744],[77.11295122380037,15.034084721656061],[76.87786655252211,15.035487688155229],[76.85147976096326,14.808635062892801],[76.7650152484919,14.602157763892087],[76.9478088424528,14.413192250607437],[76.94006892832044,14.244644952998348],[77.11019740326259,14.268198660915015],[77.13571293948867,14.336907342118177],[77.39281209163218,14.335867459225346],[77.50386878091363,14.263783632549707],[77.50351051481202,14.157154636558023],[77.3323076278406,14.030727018525221],[77.14108137493281,14.003895103624533],[76.97641451588258,13.81736042923014],[77.06470490986446,13.743875318085939],[77.1685846708802,13.864531858145973],[77.36243252399403,13.854286800919155],[77.49211297615139,13.689851631620245],[77.9267624248257,13.90536506572061],[78.11476853903677,13.862926418098818],[78.11428183720571,13.657402728903044],[78.19024313239082,13.590177502301394],[78.38517484691235,13.592172031009715],[78.3690372218909,13.373231356996753],[78.55357443953008,13.283349388368219],[78.56644100305631,13.191869364220219],[78.46743610444008,12.975070380748646],[78.25217415948113,12.860601143331289],[78.23092787652435,12.760710107975598],[78.37939149670646,12.625062175072404],[78.47169431382125,12.632087614338777],[78.59249357821035,12.782719673383],[78.62087328132871,12.991281446343239],[78.89566416908804,13.095158163574173],[79.16309076696284,13.020305715221395],[79.23439708846533,13.105262416119377],[79.36047389046996,13.123569580372251],[79.43164143304087,13.336743428853723],[79.73500322044531,13.27596249189974],[79.93797313558764,13.35554602167392],[80.02840674275079,13.538844479516944],[80.22585286690544,13.48508898283696],[80.26826078906137,13.564496252786313]]]},"properties":{"shapeName":"Andhra Pradesh","shapeISO":"IN-AP","shapeID":"1811400B84418948762846","shapeGroup":"IND","shapeType":"ADM1"}},
{"type":"Feature","geometry":{"type":"Polygon","coordinates":[[[92.26538822723951,23.725112310834334],[92.40045457270026,23.23643445307905],[92.37620658359462,22.929055466160758],[92.50792748435971,22.73687466941033],[92.58350349571269,22.299172885919813],[92.59761022031957,22.009345396986973],[92.72701841018231,22.149098500753556],[92.91549523890733,21.979815448782638],[92.9944545751149,22.031423121013585],[93.04252662846213,22.19970014789385],[93.19917356401433,22.255873907121504],[93.18522542619107,22.42769012642709],[93.09420983469134,22.80620829589713],[93.14969950910489,22.908385754757294],[93.12650077470896,23.044013929138654],[93.3196110974998,23.028846116757308],[93.37658958666466,23.132699532204846],[93.36463453557236,23.305938282875143],[93.42861718451591,23.687334016923916],[93.39515867627573,23.923936394244553],[93.32617422040661,24.048524906049494],[93.16747543752403,24.051442562342494],[92.99099709613023,24.115562279970497],[93.04034237035721,24.341369589694015],[93.00869769991453,24.411779175653148],[92.6896607922992,24.353706614111264],[92.52393781091888,24.17154246999525],[92.42243290805344,24.25495851034798],[92.29228206747058,24.250492575781326],[92.33163181178566,24.15188764118666],[92.3238731722712,23.904973503157233],[92.26538822723951,23.725112310834334]]]},"properties":{"shapeName":"Mizoram","shapeISO":"IN-MZ","shapeID":"1811400B49281905528064","shapeGroup":"IND","shapeType":"ADM1"}},
{"type":"Feature","geometry":{"type":"Polygon","coordinates":[[[95.23391968067268,26.68245856965871],[95.43058529191462,26.700023479359317],[95.54317248047155,26.83543677642205],[95.74496625836184,26.896256382806357],[95.79609266632009,26.99813008997771],[95.94573464528793,27.051388223016716],[96.02263678649426,27.17995233521782],[96.30744643819199,27.294218567497573],[96.52362776303013,27.286293487053012],[96.60565245371936,27.36582888617952],[96.79673918658543,27.34581924592901],[97.04448058122776,27.10839634132149],[97.16281521253201,27.14314493432153],[96.90338067870331,27.45278363124546],[96.88981200542577,27.605873903125133],[97.0224786965394,27.742076845035946],[97.2527074149549,27.900973563843888],[97.37470054484821,27.90912466860326],[97.37150386475683,28.21763905970685],[97.09007500556291,28.362889788712387],[96.99398143539139,28.309513221374598],[96.89641344147942,28.379625870284755],[96.77224140744032,28.368060025774785],[96.66278592203368,28.460259515349463],[96.36929641119254,28.389255854171438],[96.39950881583106,28.557698964370385],[96.58488800462308,28.716964247692847],[96.60747902513603,28.793619124671572],[96.52085391545145,28.961404460621804],[96.34671767334449,29.028976610909872],[96.22801629763897,28.925971252679577],[96.15066808270696,29.05025613877963],[96.23487795946079,29.2409674269896],[96.08208335468142,29.461725849496894],[95.9584846191684,29.381013741328612],[95.77912820496168,29.354925408210914],[95.58711328692998,29.21642463254796],[95.41114822851647,29.032355292976348],[95.25212813173152,29.108514531359646],[94.84859921168443,29.182283457062677],[94.63083573084873,29.348474078175798],[94.56033287601109,29.22861259147602],[94.43372524603032,29.226650424222612],[94.21708979945983,29.08383421494689],[94.15728476574512,28.954329391507514],[93.99696402790467,28.840884935445402],[93.93627362362905,28.67640449184393],[93.84590338542267,28.706827087111442],[93.60901282553883,28.65545481185157],[93.49771600310721,28.6837232774472],[93.3345677172987,28.63345476596369],[93.19547351115686,28.317498650539726],[93.02376111412931,28.29951680616213],[92.7848973382486,28.183374159014704],[92.66468043908178,28.06236616400066],[92.74100334389794,27.988882106180753],[92.56208551236575,27.820490759665006],[92.30900085037858,27.77884113212043],[92.20215458639335,27.856800509060935],[92.05723765149686,27.75887978995762],[91.88062230534409,27.721670782639247],[91.83013381622196,27.80746719610698],[91.67176843497225,27.85672508464035],[91.564079045499,27.58412795318048],[91.65502081614366,27.48280324968032],[92.01809329170013,27.457624266123883],[92.07098567791247,27.276806970818694],[92.02845914579969,27.07795687576936],[92.11210122261524,26.89194039269107],[92.44739993117038,26.95890848050924],[92.58327296734956,26.959637409533226],[92.67744911768305,27.03175737164939],[92.8865374609205,26.999842458581572],[93.0217823654086,26.9135137821572],[93.32263978903978,26.960107140849495],[93.48902456827308,26.93627427771936],[93.66004233312569,26.967052589908352],[93.8059176033437,27.148857516940247],[94.18920124662984,27.492493180801766],[94.2133003336889,27.600297014285566],[94.46165456889953,27.55533907356858],[94.85226768157314,27.727699480541116],[95.30868061643241,27.86810607324964],[95.5200505852701,27.88133295158973],[95.6051971901679,27.954710090108588],[95.97120258427864,27.962813475193208],[95.77591586992986,27.75371797865387],[95.79523774235913,27.597758584861822],[96.01778097556532,27.36952158892853],[95.9465333508818,27.303883224933692],[95.45748617134427,27.208879131248203],[95.45317956253227,27.129530325551606],[95.1946454837747,27.031319394633655],[95.23391968067268,26.68245856965871]]]},"properties":{"shapeName":"Arunāchal Pradesh","shapeISO":"IN-AR","shapeID":"1811400B16134215155042","shapeGroup":"IND","shapeType":"ADM1"}},
{"type":"Feature","geometry":{"type":"Polygon","coordinates":[[[92.42518617253407,25.029659240657658],[92.52480805295204,25.135288592835593],[92.77612126594504,25.199714584730664],[92.72365503331696,25.378915115958605],[92.57356672819678,25.490577102756134],[92.44420761509467,25.719793456862188],[92.21677315937103,25.704909389643458],[92.15102035680393,25.81673623003955],[92.2080978358215,26.070564730957287],[91.93389757239517,26.010371160384814],[91.82015478476858,26.116503814723565],[91.57065566469466,26.02577193455624],[91.49866587617788,25.896090011714175],[91.32224880347974,25.821625581129627],[91.00132755469012,25.82519405844207],[90.95697705447839,25.93505212494035],[90.70758028395632,25.95217480150128],[90.63157790432173,25.919919803620143],[90.4760711796984,26.009679538854257],[90.02517354584906,25.895786325586343],[89.89433755301249,25.735026421375903],[90.00293597736614,25.585515661001917],[89.85441840167312,25.467445792600273],[89.8140203907951,25.36994708057437],[90.11238195949541,25.224237795802992],[90.51037977986161,25.16846803514491],[90.86938064768103,25.15966913669187],[91.26464437720807,25.20678734229268],[91.49305216922014,25.134701250660854],[91.60286969005934,25.173696382960483],[92.0814099629297,25.1838796803678],[92.42518617253407,25.029659240657658]]]},"properties":{"shapeName":"Meghālaya","shapeISO":"IN-ML","shapeID":"1811400B28404458933503","shapeGroup":"IND","shapeType":"ADM1"}},
{"type":"Feature","geometry":{"type":"Polygon","coordinates":[[[83.3298774625774,24.101694597944302],[83.43418269176286,24.08425038919416],[83.55341841414547,23.898117768508254],[83.7377086840147,23.760541098710053],[83.77245393637294,23.610950244735537],[83.93766469478497,23.56904559312921],[83.96925751985934,23.36687292687869],[84.07472554451823,23.33332629388237],[84.03236371132625,23.160539861632774],[84.14692434225552,22.990528481305752],[84.3821703850948,22.96845964040047],[84.2380787441279,22.691900681854456],[84.02440169862135,22.591859322205305],[84.00912746777568,22.526052383891994],[84.14268308049051,22.471645053343288],[84.19683971071797,22.378084457756753],[84.40047796973678,22.346413158559326],[84.47473924097586,22.40803294605922],[84.75903844657296,22.44665163292526],[84.90942677552327,22.42268587566656],[85.05700669780757,22.486198630587857],[85.09954042632411,22.293479645114072],[85.02981415696475,22.162385776350167],[85.2142560049618,22.049394990055884],[85.37128867619869,22.161014684654212],[85.54513621504468,22.089692068493235],[85.75700939764663,22.07830101647553],[85.91222070859385,21.989457596623925],[86.03125535118492,22.189993176891246],[85.9733594943671,22.50584320254034],[86.26929037192724,22.442277614624878],[86.36777974177497,22.34384075049632],[86.488272261139,22.34506549249875],[86.72695651499838,22.216793096636046],[86.79173246257606,22.22219093226368],[86.84553727031745,22.39987172480918],[86.76581202331212,22.575703297332883],[86.50288675396864,22.71717703988953],[86.42241104539183,22.810798737513423],[86.49689269762465,22.99268457458674],[86.22301970662602,22.99484563309043],[86.02372370516296,23.144506847769385],[85.89416296070375,23.15526662645409],[85.819663238859,23.268486225659128],[85.87586916250642,23.48068766903316],[86.14846858677393,23.465365211921792],[86.31014148405143,23.4118423813567],[86.3681038727941,23.5408268079391],[86.49057772802688,23.637689800008037],[86.799296843207,23.688978443540073],[86.88863388319102,23.84358934569216],[87.12251583696629,23.796197843525142],[87.29060827492712,23.893410124439978],[87.23442582874962,24.032494919669354],[87.43945007057252,23.981815706946353],[87.68472282294886,24.246286078603557],[87.80306880536503,24.41135025822812],[87.80263650640595,24.56203685979592],[87.90881903577042,24.585771627018524],[87.85431881521816,24.761758700007928],[87.95753385975459,24.971091736348075],[87.79572792827175,25.087319541451294],[87.7113681685111,25.257683806627348],[87.54273667400614,25.294052576596048],[87.3184066288178,25.195283029299166],[87.14576730785927,25.019334026697774],[87.15671513282068,24.881013618677645],[87.0786860299376,24.777565118524212],[87.05107242805985,24.60855888838768],[86.78701578541327,24.616453037710173],[86.51667368552091,24.535365915191385],[86.46698664814244,24.38093629499591],[86.27613316822978,24.46591216118944],[86.28477368026542,24.58796587877305],[86.12460550151307,24.61128275362537],[86.05529386304778,24.779738484569254],[85.91956907404334,24.744826859272965],[85.73668833631336,24.820782013190378],[85.6761453599489,24.61647290981942],[85.32160167834608,24.519816843031983],[85.08900057574056,24.372390090297024],[84.91660020395265,24.37330801078998],[84.7489685029179,24.49618220127356],[84.53511327118487,24.36366287681179],[84.34197003681696,24.39325947374771],[84.25901801076834,24.534244036449106],[84.1083415723435,24.477495142997405],[83.99803838453244,24.63826997567509],[83.93300741243212,24.547348165954354],[83.71863425971696,24.503351043564614],[83.5032947551147,24.52543975680424],[83.3298774625774,24.101694597944302]]]},"properties":{"shapeName":"Jhārkhand","shapeISO":"IN-JH","shapeID":"1811400B52412412689061","shapeGroup":"IND","shapeType":"ADM1"}},
{"type":"Feature","geometry":{"type":"Polygon","coordinates":[[[95.1946454837747,27.031319394633655],[95.45317956253227,27.129530325551606],[95.45748617134427,27.208879131248203],[95.9465333508818,27.303883224933692],[96.01778097556532,27.36952158892853],[95.79523774235913,27.597758584861822],[95.77591586992986,27.75371797865387],[95.97120258427864,27.962813475193208],[95.6051971901679,27.954710090108588],[95.5200505852701,27.88133295158973],[95.30868061643241,27.86810607324964],[94.85226768157314,27.727699480541116],[94.46165456889953,27.55533907356858],[94.2133003336889,27.600297014285566],[94.18920124662984,27.492493180801766],[93.8059176033437,27.148857516940247],[93.66004233312569,26.967052589908352],[93.48902456827308,26.93627427771936],[93.32263978903978,26.960107140849495],[93.0217823654086,26.9135137821572],[92.8865374609205,26.999842458581572],[92.67744911768305,27.03175737164939],[92.58327296734956,26.959637409533226],[92.44739993117038,26.95890848050924],[92.11210122261524,26.89194039269107],[91.89299124801703,26.918704913747924],[91.72074775262044,26.811910419054893],[91.33730486947552,26.780616092091226],[91.097619491741,26.822082402424236],[90.69305478632354,26.77083867676922],[90.41805778461385,26.904413944768706],[90.19466618604662,26.773712364326467],[89.85183119077276,26.697153768820364],[89.86903508100215,26.453676068761393],[89.71970901167195,26.25737278821389],[89.71960293141667,26.165857988761047],[89.84839996145904,25.942748838336456],[89.83497102112389,25.71587210503445],[89.88230965483886,25.617300616932976],[89.85441840167312,25.467445792600273],[90.00293597736614,25.585515661001917],[89.89433755301249,25.735026421375903],[90.02517354584906,25.895786325586343],[90.4760711796984,26.009679538854257],[90.63157790432173,25.919919803620143],[90.70758028395632,25.95217480150128],[90.95697705447839,25.93505212494035],[91.00132755469012,25.82519405844207],[91.32224880347974,25.821625581129627],[91.49866587617788,25.896090011714175],[91.57065566469466,26.02577193455624],[91.82015478476858,26.116503814723565],[91.93389757239517,26.010371160384814],[92.2080978358215,26.070564730957287],[92.15102035680393,25.81673623003955],[92.21677315937103,25.704909389643458],[92.44420761509467,25.719793456862188],[92.57356672819678,25.490577102756134],[92.72365503331696,25.378915115958605],[92.77612126594504,25.199714584730664],[92.52480805295204,25.135288592835593],[92.42518617253407,25.029659240657658],[92.4967055780152,24.902184038712097],[92.29587194914498,24.736559082797047],[92.21169868233224,24.504481310162475],[92.29228206747058,24.250492575781326],[92.42243290805344,24.25495851034798],[92.52393781091888,24.17154246999525],[92.6896607922992,24.353706614111264],[93.00869769991453,24.411779175653148],[93.0890617344268,24.57347183211699],[93.11129736075209,24.800684981311818],[93.2487358092302,24.914947760724505],[93.24718152885426,25.018092515607233],[93.45389382726688,25.324915826952036],[93.45532843767394,25.434497347049433],[93.35499385367244,25.524875115955727],[93.70198255910707,25.851642450273506],[93.78741577688616,25.815860530930465],[93.95405637475278,25.96936005071925],[94.04759460175869,26.249463403460343],[94.17154288342684,26.338057275284644],[94.17164264133915,26.42988329650841],[94.39515466715505,26.533705597897],[94.40283086558094,26.610665996263723],[94.59698043584923,26.73465030243067],[94.79968434905616,26.799876944857715],[94.8659157946679,26.908831575663427],[95.01667161721443,26.92115992762176],[95.1946454837747,27.031319394633655]]]},"properties":{"shapeName":"Assam","shapeISO":"IN-AS","shapeID":"1811400B78322693766699","shapeGroup":"IND","shapeType":"ADM1"}},
{"type":"Feature","geometry":{"type":"Polygon","coordinates":[[[93.45389382726688,25.324915826952036],[93.24718152885426,25.018092515607233],[93.2487358092302,24.914947760724505],[93.11129736075209,24.800684981311818],[93.0890617344268,24.57347183211699],[93.00869769991453,24.411779175653148],[93.04034237035721,24.341369589694015],[92.99099709613023,24.115562279970497],[93.16747543752403,24.051442562342494],[93.32617422040661,24.048524906049494],[93.4713416397403,23.96477613566445],[93.7543018516092,24.005539799657768],[93.81964572129601,23.923610530865236],[94.01673290561257,23.926910951273406],[94.15664060631273,23.848169686126855],[94.25965853172973,24.165309886544946],[94.45453239295037,24.565996854106288],[94.62845291003173,24.75602839051731],[94.71360261052402,24.935002558444904],[94.73647672072569,25.13505256426853],[94.59206021212117,25.19227945817263],[94.67545193565354,25.445610547355752],[94.55388861009783,25.502621380478242],[94.5564692345505,25.59069964940731],[94.22157331350078,25.490807335215695],[94.04808921056085,25.575588181381406],[93.88869753464175,25.5651252552345],[93.63721648850593,25.263659625427614],[93.45389382726688,25.324915826952036]]]},"properties":{"shapeName":"Manipur","shapeISO":"IN-MN","shapeID":"1811400B97532436596698","shapeGroup":"IND","shapeType":"ADM1"}},
{"type":"Feature","geometry":{"type":"Polygon","coordinates":[[[74.1183538327733,15.652040596990107],[74.26436482765097,15.615542445816493],[74.31743859449894,15.18378771184069],[74.25243483596184,14.958763082619964],[74.08568785959928,14.900641739228085],[74.11808513229876,14.785859492115403],[74.2828275971566,14.675101311899194],[74.46950170024417,14.188249643926124],[74.51505215833436,13.98687310733901],[74.60955627279834,13.859910397707845],[74.68146499285227,13.552653181643185],[74.69775292129209,13.347286355915788],[74.82464653982503,12.848069914229528],[74.86956716930655,12.760680213615847],[75.1609971315604,12.67300409427749],[75.22033850702778,12.5682010521295],[75.3722002356391,12.47696466706387],[75.4358177625388,12.29459352512041],[75.57702727659587,12.156910788264081],[75.80107932644147,12.03703515399641],[75.87977846562696,11.94900519058991],[76.11248340000462,11.978798815299925],[76.18671296251082,11.872033326127115],[76.43133537055408,11.666481118384091],[76.56694603938146,11.618874674137968],[76.82278742885467,11.608190248817156],[76.90795728754192,11.795358759405845],[77.11070002054556,11.773582283515912],[77.29380917829273,11.809105005259582],[77.42801554317579,11.767078108104373],[77.49282607229864,11.941365885624457],[77.66902967564093,11.949173961533823],[77.77377071260499,12.120581390121522],[77.72767209624021,12.1815912450574],[77.47201668228533,12.207954992265371],[77.61300189869407,12.361180118019039],[77.59885555389157,12.667212498298946],[77.73990879612354,12.673043956964857],[77.83599545286062,12.870381119338248],[78.07650286992846,12.839700503930823],[78.23092787652435,12.760710107975598],[78.25217415948113,12.860601143331289],[78.46743610444008,12.975070380748646],[78.56644100305631,13.191869364220219],[78.55357443953008,13.283349388368219],[78.3690372218909,13.373231356996753],[78.38517484691235,13.592172031009715],[78.19024313239082,13.590177502301394],[78.11428183720571,13.657402728903044],[78.11476853903677,13.862926418098818],[77.9267624248257,13.90536506572061],[77.49211297615139,13.689851631620245],[77.36243252399403,13.854286800919155],[77.1685846708802,13.864531858145973],[77.06470490986446,13.743875318085939],[76.97641451588258,13.81736042923014],[77.14108137493281,14.003895103624533],[77.3323076278406,14.030727018525221],[77.50351051481202,14.157154636558023],[77.50386878091363,14.263783632549707],[77.39281209163218,14.335867459225346],[77.13571293948867,14.336907342118177],[77.11019740326259,14.268198660915015],[76.94006892832044,14.244644952998348],[76.9478088424528,14.413192250607437],[76.7650152484919,14.602157763892087],[76.85147976096326,14.808635062892801],[76.87786655252211,15.035487688155229],[77.11295122380037,15.034084721656061],[77.15196919602653,15.275709786111744],[77.04477080951791,15.355715777078451],[77.0304640507585,15.634515061458835],[77.07106524887567,15.908847777748655],[77.18532270558305,15.956761165852102],[77.51346826787129,15.926810324278092],[77.48972198605519,16.38503250477535],[77.41691979802643,16.517315733380705],[77.50223851204784,17.009378871200393],[77.37795722759881,17.13994988653064],[77.51303975890434,17.43087443006733],[77.66204955298257,17.5228258354269],[77.44316300376857,17.583965336844308],[77.4524751717691,17.694704189365932],[77.61908327397863,17.904057059048046],[77.64895083693918,17.99887494360134],[77.55143503514522,18.29191082540236],[77.44762917852789,18.2699892231803],[77.3535395656006,18.447658453622502],[77.24182368268221,18.412599321358357],[77.14019278031839,18.20771287810176],[76.95199218893312,18.188093787156273],[76.92072395661191,17.941568130352966],[76.77510685502007,17.8777108002251],[76.69088424464708,17.68574708202701],[76.53074735691102,17.758259302339457],[76.36465960113486,17.514970879857923],[76.38321760014541,17.314529891706837],[76.11901562625553,17.37050734122461],[75.9340097144135,17.322743400732154],[75.63305039308301,17.477215271676645],[75.60380390554698,17.305506266632346],[75.67678162617892,17.065421945219992],[75.27967408027672,16.956563008271107],[75.18191942992345,16.84341021044797],[75.06211043506588,16.941527834538082],[74.923241442854,16.93931261544446],[74.91951971634371,16.772499550153782],[74.77204709961673,16.750690390179233],[74.68765020889211,16.617895027936626],[74.56861576482868,16.553878924684625],[74.48911473641995,16.630153831111777],[74.30173432665205,16.5290299623679],[74.35054041318084,16.275380109370058],[74.50317920247923,16.22542015423777],[74.43089731776472,15.956608488205992],[74.30796438659084,15.748508959947015],[74.20150034767416,15.758649100225588],[74.1183538327733,15.652040596990107]]]},"properties":{"shapeName":"Karnātaka","shapeISO":"IN-KA","shapeID":"1811400B56841107211215","shapeGroup":"IND","shapeType":"ADM1"}},
{"type":"Feature","geometry":{"type":"Polygon","coordinates":[[[80.06508911589948,28.836732767314864],[80.14463722052066,29.102582111564523],[80.25852867932677,29.187842919137257],[80.31762663291174,29.313091090011355],[80.2449061394715,29.44790980682398],[80.4092394693281,29.597530812066505],[80.40733588893538,29.794249673499806],[80.55351305058106,29.849279596748175],[80.60194777716468,29.956993948377093],[81.03211977991779,30.246809140811962],[80.80368100501157,30.32350616640053],[80.6072084237579,30.471684952662237],[80.54094799759679,30.4482695632563],[80.20931673754588,30.588324535932898],[80.24923841854107,30.74433176855788],[79.93221439832224,30.879962915819796],[79.85574202911413,30.976489415483748],[79.60090760975193,30.939330302082208],[79.31836049535299,31.135910728952112],[79.09609469604253,31.451690928768688],[78.88199484317616,31.286774822117703],[78.98590654918169,31.17392117628475],[78.89064074151021,31.09698503361893],[78.79674192715603,31.19649932882629],[78.48374484594673,31.199020423309282],[78.37030690879833,31.28641760943166],[78.0296984544315,31.164183434065826],[77.90860949863459,31.154136871018984],[77.7540795364742,30.964546523386435],[77.70376322295097,30.765226500188607],[77.8185114840953,30.508132312856205],[77.57602127409129,30.397443669214223],[77.94412133732365,30.239313139694893],[77.79968368147902,30.087250923873963],[77.72343318087475,29.855106980111472],[77.83003758335119,29.66834997154569],[78.1305293720005,29.652591914878478],[78.335651480782,29.79666482084687],[78.5165370153502,29.719462080646558],[78.61772794354911,29.558086059381893],[78.92534322597605,29.433895489567103],[78.79539636943804,29.32506987329144],[78.92693963913548,29.118077284357415],[79.05050409314059,29.156989414382405],[79.42557262069555,28.866478832953828],[79.7066740017476,28.841071802926702],[79.84565752017504,28.87392981393016],[79.95417132322893,28.72289700588437],[80.06508911589948,28.836732767314864]]]},"properties":{"shapeName":"Uttarākhand","shapeISO":"IN-UT","shapeID":"1811400B3558497485804","shapeGroup":"IND","shapeType":"ADM1"}},
{"type":"Feature","geometry":{"type":"Polygon","coordinates":[[[73.2106581122849,20.120451386782353],[73.0979147704805,20.22754191843805],[72.96161476684344,20.20875236311854],[73.05585257484312,20.098996269262575],[73.2106581122849,20.120451386782353]]]},"properties":{"shapeName":"Dādra and Nagar Haveli and Damān and Diu","shapeISO":"IN-DH","shapeID":"1811400B51283975314925","shapeGroup":"IND","shapeType":"ADM1"}},
{"type":"Feature","geometry":{"type":"Polygon","coordinates":[[[80.66004059410011,21.334107258188677],[80.73492071563679,21.45993194450946],[80.7159707205823,21.67475112674038],[80.80388602930549,21.744787798412954],[80.90792665163916,22.10959700341091],[81.11870888512581,22.29128654243608],[81.11115484590043,22.437600196671028],[81.28125865759648,22.502981691700093],[81.42782693314044,22.47984204664034],[81.72863878972883,22.67646766839083],[81.95046585724442,22.98296115975324],[81.92676872944405,23.057611023989878],[82.12579915656974,23.103980370235675],[82.19937103820196,23.31346555426492],[81.99054189934817,23.418525428216473],[81.92327094125598,23.53269272488272],[81.61030333556775,23.5551129454773],[81.65776913389605,23.916373605472714],[81.77314288927776,23.81643075769835],[82.00751638680346,23.861789002426143],[82.08166616543772,23.81637065071854],[82.47903913925185,23.805990972056875],[82.63531820301716,23.837748508243738],[82.8103128213107,23.962879981157148],[82.73311271341619,24.078587916267704],[82.77278563833285,24.307644460715558],[82.71344800794189,24.38034686320575],[82.76885927829575,24.603539181401697],[82.6710388074833,24.696983247416235],[82.53910998715415,24.647770396111767],[82.40635073093866,24.681283407921406],[81.90354958712152,24.898763113823257],[81.90788212400759,24.980132910004503],[81.62126049133006,25.08998990976992],[81.57865082103602,25.190843424408023],[81.43828665220403,25.130572507098147],[81.33457383410068,25.16925194753799],[81.16804234740509,24.955227283633654],[80.83759763428372,24.92835429126074],[80.7663276469395,25.052769846193023],[80.6238071962355,25.088822031987565],[80.39229933075433,25.063822755567703],[80.43169421810738,25.177626569005557],[80.31544085665395,25.3888815117971],[80.19588456237739,25.401921538776215],[80.00481639050173,25.267235037155736],[79.85115171616573,25.22702261725306],[79.8661433136668,25.141065941587744],[79.6001318794698,25.127807038419032],[79.49150789265644,25.079616926744006],[79.38397896295417,25.142794530601677],[79.44696049251418,25.244542073564872],[79.27052084605123,25.309718337488004],[79.31364479555721,25.136091449909525],[79.15931077392658,25.10771480422896],[78.88024132724998,25.38589102650679],[78.8415360855237,25.512537149114056],[78.60777151730153,25.414943417816122],[78.53299267183002,25.300942857499578],[78.65261511265422,25.050585471604293],[78.63163563652333,24.96160969964823],[78.78983785137807,24.810971036084073],[78.75202907350814,24.600171165082962],[78.87719543027737,24.642207428957956],[78.99364689091216,24.422742871832604],[78.88801712638302,24.22701635170192],[78.78936681886056,24.17707770370989],[78.50201817423367,24.390307421166675],[78.2696883538608,24.446923459223218],[78.27669510168583,24.662978931418987],[78.17347383362114,24.879017863105393],[78.33397455611528,24.994906474682196],[78.42691782621353,25.146473223676832],[78.30794038205153,25.381194266814237],[78.49334131725995,25.578697714636146],[78.65827982236054,25.55985079225363],[78.81176103915597,25.620782074519923],[78.76332997769872,25.719929559562583],[79.01206186285813,26.083190296715255],[78.99430013231205,26.14620353401784],[79.12284631948941,26.34696831523911],[78.9875900647877,26.593070373937852],[78.72150442435832,26.796357953403486],[78.57230317144526,26.75130068999811],[78.39523211983035,26.817103716940082],[78.22295373746142,26.830628482261844],[78.09573703983655,26.681226311297458],[78.00060882352386,26.694931483536497],[77.83250133339216,26.5614557379193],[77.52353515635606,26.40730663333909],[77.4376072354517,26.403408796800104],[77.20385448277048,26.23003545034622],[76.90114892456255,26.09316869342429],[76.79096963598876,25.943127335841957],[76.64189326506987,25.90794099496885],[76.53013147913875,25.811389867058804],[76.51636456833918,25.527573550137678],[76.62341965649202,25.376739427675744],[76.7777008553873,25.315465462411822],[77.20917624175247,25.30616024636944],[77.33155747888281,25.42721186640663],[77.41448819779117,25.220397850109457],[77.37579893439883,25.104793887844636],[77.1745831532236,25.11170961086268],[77.08213280039982,25.058153327550702],[76.87616198130418,25.04151853814623],[76.86193272020435,24.96135122943132],[76.96353677372092,24.756511680475292],[77.06511122505398,24.6438168030121],[76.97782534698574,24.461228482289567],[76.84646880020495,24.486358963245696],[76.84149821871866,24.322509949861647],[76.91229083503268,24.23793437513489],[76.80197816191058,24.116543684470514],[76.61644293485534,24.25781789063322],[76.50483483899123,24.203103099591413],[76.33984907981178,24.24398456718694],[76.11744142843312,24.194140359822185],[76.12707980435769,24.088023497969342],[75.96345367320853,24.018657575303312],[75.98738071402609,23.940934705896915],[75.58354172518733,23.79472778177053],[75.45943434379751,23.920507377626755],[75.5210945521859,24.024591741785418],[75.76547694655491,23.992737564067458],[75.75200807341047,24.14801342384128],[75.81806807105863,24.238651583094807],[75.7400593248982,24.376911995308976],[75.90919065550197,24.455028373941417],[75.91474567642054,24.57229927906008],[75.75682849790375,24.761506083794536],[75.64603480030314,24.685128110860347],[75.22837782874605,24.71756400538128],[75.21562671849674,24.80246881476821],[75.33548315607942,24.94369496556718],[75.19252333218341,25.033476641931095],[75.0482752208637,24.849861505170225],[74.8609022159087,24.79854424176582],[74.99228910688146,24.69335595208707],[74.78651513741066,24.58581395413033],[74.74443731468058,24.46853030087853],[74.93930793298306,24.05381874754275],[74.90249829820303,23.873155886913292],[74.93651696531165,23.628550816697626],[74.83996791515513,23.549859910026857],[74.57504977647298,23.423318318825373],[74.51497456635165,23.315747398393725],[74.64933085736072,23.17522893856686],[74.46413587620252,23.081744373420378],[74.32444904787452,23.061411061478427],[74.37786554446132,22.90724573411106],[74.46476351022694,22.816366552861776],[74.38416527593692,22.6462428268743],[74.27739220039285,22.645937435021988],[74.07405430746232,22.47760439430842],[74.21524655679798,22.44132859436828],[74.12248982007183,22.212368406174342],[74.0993064190195,21.999419682963456],[74.1467272665493,21.952820768848575],[74.28099466836265,21.93296055507582],[74.390116277826,22.021547404349807],[74.50934811140174,21.920660402428204],[74.50541575421181,21.726149872798004],[74.58211038279084,21.664856539832357],[75.05165974407088,21.5664957176398],[75.10769820737633,21.462239986523063],[75.36601123230206,21.3964409115487],[76.09562065219089,21.371118382500566],[76.19173770162895,21.08656426316964],[76.36973672730541,21.07258063789029],[76.49238838069246,21.193545779236675],[76.62318526088158,21.18491704210026],[76.62149647306319,21.332228399623503],[76.8974943875439,21.596118899746997],[77.12960170959393,21.722213239526422],[77.50259553218612,21.74582532617648],[77.58195004806697,21.553527058226667],[77.45461279922593,21.553739536679046],[77.48987712420644,21.377543206952204],[77.90702944918641,21.37782569947801],[78.08208365542768,21.444775845502157],[78.22340991723405,21.552552857335392],[78.40693853072673,21.608772509751898],[78.43956875095243,21.50229099878116],[78.89927491682985,21.50045437831151],[78.91654533898412,21.590895219535213],[79.07648044264953,21.60539029048929],[79.22075282644819,21.692695100135293],[79.49617793378127,21.67399874933836],[79.58138981925076,21.541295558187056],[79.74186881149816,21.60300109221432],[79.86314226688138,21.530797648504826],[80.27030155746932,21.615856019136015],[80.42222754257293,21.440469245184925],[80.66004059410011,21.334107258188677]]]},"properties":{"shapeName":"Madhya Pradesh","shapeISO":"IN-MP","shapeID":"1811400B75807316846587","shapeGroup":"IND","shapeType":"ADM1"}},
{"type":"Feature","geometry":{"type":"Polygon","coordinates":[[[73.67538205174372,15.727022158467594],[73.76756625351176,15.500723581213926],[73.84935113803755,15.452347217380058],[73.98161574682332,15.05291748178733],[74.08568785959928,14.900641739228085],[74.25243483596184,14.958763082619964],[74.31743859449894,15.18378771184069],[74.26436482765097,15.615542445816493],[74.1183538327733,15.652040596990107],[73.99077593155587,15.61148617167201],[73.93869751241573,15.742677183994847],[73.67538205174372,15.727022158467594]]]},"properties":{"shapeName":"Goa","shapeISO":"IN-GA","shapeID":"1811400B6111924962807","shapeGroup":"IND","shapeType":"ADM1"}},
{"type":"Feature","geometry":{"type":"Polygon","coordinates":[[[75.53658682930386,11.693938824344887],[75.61855597176917,11.487497315618233],[75.68066503237242,11.450866083234699],[75.83022006070895,11.116728733810715],[75.91000390482026,10.793443581823846],[76.1166660224428,10.333945722066261],[76.26096193401709,9.881465976548794],[76.34027659883525,9.40958928569628],[76.51670027145583,9.017727312800448],[76.5477719434097,8.902752135896625],[77.00373014568227,8.368948454156735],[77.09779810741458,8.29248867977566],[77.27456159743573,8.537748603615583],[77.17719002824552,8.72496950680398],[77.26399115562349,8.84206893499998],[77.17348586110406,8.991342464601434],[77.26779965130542,9.153421294028597],[77.28313586410908,9.291922041556427],[77.39915625378175,9.49646975013189],[77.30373576969309,9.598845471316883],[77.19813035040642,9.614461238638398],[77.21834772998623,9.904908890535514],[77.2727897980986,9.964293512469489],[77.20404877309507,10.088492743930303],[77.2881699358247,10.232322311327675],[77.17599452062097,10.358574913364139],[76.98353874448215,10.221860558688284],[76.82992965969254,10.30315321540764],[76.83860189752906,10.596327759920065],[76.90365879051693,10.761832364246876],[76.83082362443574,10.87065872572868],[76.6620260224516,10.929733420120467],[76.74677909428804,11.132688963644089],[76.70700608537068,11.238310447068368],[76.53384183477418,11.185680250525456],[76.54783047134538,11.35896837110648],[76.2646734403944,11.481328161728834],[76.2334053536003,11.567909180814693],[76.43133537055408,11.666481118384091],[76.18671296251082,11.872033326127115],[76.11248340000462,11.978798815299925],[75.87977846562696,11.94900519058991],[75.80107932644147,12.03703515399641],[75.57702727659587,12.156910788264081],[75.4358177625388,12.29459352512041],[75.3722002356391,12.47696466706387],[75.22033850702778,12.5682010521295],[75.1609971315604,12.67300409427749],[74.86956716930655,12.760680213615847],[75.2020890559611,12.009836801968229],[75.25033141730977,12.009835225664986],[75.53055591598205,11.704027560796984],[75.53658682930386,11.693938824344887]]]},"properties":{"shapeName":"Kerala","shapeISO":"IN-KL","shapeID":"1811400B45534780755480","shapeGroup":"IND","shapeType":"ADM1"}},
{"type":"Feature","geometry":{"type":"Polygon","coordinates":[[[76.83785601377225,30.754532760003606],[76.71165812964709,30.76166224844295],[76.77659479571058,30.670401333121585],[76.82921720314576,30.681027176125202],[76.83785601377225,30.754532760003606]]]},"properties":{"shapeName":"Chandīgarh","shapeISO":"IN-CH","shapeID":"1811400B77692474244036","shapeGroup":"IND","shapeType":"ADM1"}},
{"type":"Feature","geometry":{"type":"MultiPolygon","coordinates":[[[[93.89017692426908,6.903044841440477],[93.9318332772308,7.012450849136972],[93.82017889297671,7.237221674573395],[93.6623673662188,7.177512003879636],[93.6566337853746,7.047393797610436],[93.7653410289468,6.8651609188265],[93.89017692426908,6.903044841440477]]],[[[92.46444521395489,10.535803375571755],[92.53105135944804,10.52042185785803],[92.59779295920792,10.704714512380932],[92.55889410448678,10.862988499287004],[92.46157087903188,10.861323489782865],[92.38329715860873,10.671162268647269],[92.46444521395489,10.535803375571755]]],[[[92.75559507431663,12.02227117145906],[92.61932302625118,12.086199131593625],[92.60827446511212,11.896402661414761],[92.5511346241492,11.720118305332479],[92.64605619920043,11.521843672657793],[92.7511401311933,11.609323741511858],[92.7858781889444,11.92554055018925],[92.75559507431663,12.02227117145906]]],[[[92.83953860867355,12.403475528665863],[92.97373701807645,12.54120601151579],[92.92419288559165,12.88391344129003],[92.72199589529284,12.826052509697542],[92.69909998387753,12.328070170780022],[92.83953860867355,12.403475528665863]]],[[[92.92233988753598,13.535604769013334],[92.82566590148636,13.328583658693084],[92.79333950855774,12.914156890451325],[92.91933861257847,13.058714931674507],[93.03329743155618,13.081879319989996],[93.05510848084053,13.233155750821608],[92.99678750439934,13.315061105883805],[93.04181362484134,13.50540609359739],[92.92233988753598,13.535604769013334]]]]},"properties":{"shapeName":"Andaman and Nicobar Islands","shapeISO":"IN-AN","shapeID":"1811400B21325138943523","shapeGroup":"IND","shapeType":"ADM1"}},
{"type":"Feature","geometry":{"type":"Polygon","coordinates":[[[77.57602127409129,30.397443669214223],[77.8185114840953,30.508132312856205],[77.70376322295097,30.765226500188607],[77.7540795364742,30.964546523386435],[77.90860949863459,31.154136871018984],[78.0296984544315,31.164183434065826],[78.37030690879833,31.28641760943166],[78.48374484594673,31.199020423309282],[78.79674192715603,31.19649932882629],[78.89064074151021,31.09698503361893],[78.98590654918169,31.17392117628475],[78.88199484317616,31.286774822117703],[78.72045071580139,31.50726423112748],[78.8469346693271,31.60803793525571],[78.70768347180962,31.77209057267672],[78.78110859208059,31.99349382598887],[78.61278559521386,32.117587538640294],[78.60853917442422,32.21431699614675],[78.48001921805314,32.27356620130657],[78.53476269070626,32.4143938804042],[78.39859088115179,32.52574167419204],[78.38771674139986,32.75693213546174],[78.21946668324266,32.664700490614386],[78.01583755559874,32.6197566691326],[77.93367564545325,32.760735507498],[77.79197057217641,32.855788069541305],[77.71305201858443,32.98256852095428],[77.46900668199149,32.85844811674957],[77.32252230101024,32.85116893977853],[77.14972556197627,32.97814603210874],[76.97161719156682,33.000452089745714],[76.77123347761841,33.24962940430635],[76.41009236734646,33.186489241450715],[76.247435541745,33.0215737966646],[75.95393750589182,32.87339814172873],[75.9158910176281,32.612979406608304],[75.83436281501653,32.511786890345114],[75.92059007523484,32.429128594832314],[75.77297957878982,32.290266583380124],[75.63848871745627,32.252020439657734],[75.60084237654925,32.09308306560453],[75.8924567629309,31.96184469375064],[76.0047506317846,31.675100436440868],[76.21393649612928,31.299454074122053],[76.4317317979873,31.32686661216119],[76.58347623447027,31.27621007049725],[76.62471386650836,30.998826576934192],[76.77673348031908,30.904286662733107],[76.91477896535045,30.89164079635211],[77.02052074530394,30.740055285001997],[77.1611965154535,30.69098490948868],[77.20776792772871,30.474423093970373],[77.58561061098452,30.379557401302083],[77.57602127409129,30.397443669214223]]]},"properties":{"shapeName":"Himāchal Pradesh","shapeISO":"IN-HP","shapeID":"1811400B21086746745937","shapeGroup":"IND","shapeType":"ADM1"}},
{"type":"Feature","geometry":{"type":"Polygon","coordinates":[[[74.133484414022,35.10748800859642],[74.07316230463977,34.93947844829364],[73.96354003622082,34.84121388884353],[73.7305915263488,34.77096209872889],[73.61761008338351,34.585629556821516],[73.44208418346454,34.56486119524652],[73.40848175792934,34.3863442110204],[73.49230410865607,34.21970415534622],[73.51570815121357,34.00009079879004],[73.58911646849708,33.883919431646746],[73.56238597252752,33.675488377441525],[73.62022037380001,33.57381207500589],[73.5577569538683,33.36805806603127],[73.6568957948868,33.207705155934946],[73.6248391202239,33.11151923278385],[73.99180800508748,32.9331631174951],[74.17736143650205,32.88266539559669],[74.353688085682,32.762990982644965],[74.6220101377067,32.759682472866075],[74.68803288491489,32.48604878839342],[75.0193274474143,32.46810286824899],[75.33165941059725,32.32692798957067],[75.48209885278891,32.32043846870946],[75.68698878300208,32.39050836399074],[75.83436281501653,32.511786890345114],[75.9158910176281,32.612979406608304],[75.95393750589182,32.87339814172873],[76.247435541745,33.0215737966646],[76.41009236734646,33.186489241450715],[76.77123347761841,33.24962940430635],[76.50702311166714,33.51029027520934],[76.30229685270223,33.567463164411265],[76.26273813450524,33.74900259361806],[76.0269324190001,33.970688019000136],[75.88950733100012,33.96870354100008],[75.7376947790001,34.056615908000026],[75.68986886400006,34.19374332400008],[75.40421898971903,34.28531990242658],[75.36333544300015,34.53813084300003],[75.25397831300012,34.60294264800018],[75.24458169400009,34.789922366000155],[75.10286788600018,34.89675277599997],[74.95802002200014,34.789922366000155],[74.72950650600018,34.836524407000184],[74.60523439700006,34.91501205500009],[74.51542053587292,35.094754625467544],[74.25320393308402,35.03740961470896],[74.133484414022,35.10748800859642]]]},"properties":{"shapeName":"Jammu and Kashmīr","shapeISO":"IN-JK","shapeID":"1811400B42025667129192","shapeGroup":"IND","shapeType":"ADM1"}},
{"type":"Feature","geometry":{"type":"Polygon","coordinates":[[[74.5271597397686,29.94278637118108],[74.59668777519929,29.91226880408077],[74.80598243091474,29.991955937704134],[74.9909139056574,29.86768915953055],[75.19145826622638,29.841250612788762],[75.18304257376026,29.62840571068794],[75.30944155115166,29.56084655351579],[75.34569857021668,29.696015646936416],[75.4558244404721,29.78429807994805],[75.63445902511037,29.755284755589066],[75.72064366655663,29.813556626762463],[75.8702238863487,29.74932559066957],[76.04344114383515,29.742726414685386],[76.18563034167649,29.892475285988137],[76.25365846546717,30.121610858622237],[76.53801501861368,30.074734646376868],[76.63880917083306,30.15181452074856],[76.62050537348829,30.264995646815482],[76.76875775842464,30.430805134079073],[76.88640960004436,30.429673503211134],[76.9259879799723,30.610117774979916],[76.82921720314576,30.681027176125202],[76.77659479571058,30.670401333121585],[76.71165812964709,30.76166224844295],[76.83785601377225,30.754532760003606],[76.77673348031908,30.904286662733107],[76.62471386650836,30.998826576934192],[76.58347623447027,31.27621007049725],[76.4317317979873,31.32686661216119],[76.21393649612928,31.299454074122053],[76.0047506317846,31.675100436440868],[75.8924567629309,31.96184469375064],[75.60084237654925,32.09308306560453],[75.63848871745627,32.252020439657734],[75.77297957878982,32.290266583380124],[75.92059007523484,32.429128594832314],[75.83436281501653,32.511786890345114],[75.68698878300208,32.39050836399074],[75.48209885278891,32.32043846870946],[75.33165941059725,32.32692798957067],[75.37044910833326,32.25817722194306],[75.24510710846813,32.09990512447739],[75.01228087817093,32.035743744521],[74.87935144061645,32.053838106925845],[74.81894454374618,31.958661410801543],[74.61589320261156,31.88935777527158],[74.53502033716953,31.67760045786409],[74.63659784007959,31.48478753643996],[74.55378537000531,31.36653281786531],[74.5102838522972,31.1320126179825],[74.54796015291728,31.03249018955358],[74.37072363791523,30.895210446686136],[74.2191519483597,30.693489981310165],[73.9636632644165,30.484781923154326],[73.88406183939331,30.367020870895963],[73.9725888702823,30.198127560826826],[73.89468376185788,29.973831442243775],[74.5271597397686,29.94278637118108]]]},"properties":{"shapeName":"Punjab","shapeISO":"IN-PB","shapeID":"1811400B91946361694107","shapeGroup":"IND","shapeType":"ADM1"}},
{"type":"Feature","geometry":{"type":"Polygon","coordinates":[[[77.3454328208287,28.513265547953917],[77.17439688575281,28.40469199328046],[77.12068900173902,28.49628341152401],[76.84249316487958,28.556084311533755],[76.9677892428674,28.699606999187058],[76.94627038769723,28.797940641751687],[77.06095830720729,28.87106793030986],[77.20984478864816,28.857866895645454],[77.23287692508474,28.91873124874986],[77.13347037084033,29.223509352479002],[77.09636351317718,29.519522791519556],[77.14661583071955,29.77186353040596],[77.28492560639572,30.042449096682695],[77.40507374042585,30.089119540050884],[77.58674947533879,30.314808727263305],[77.58561061098452,30.379557401302083],[77.20776792772871,30.474423093970373],[77.1611965154535,30.69098490948868],[77.02052074530394,30.740055285001997],[76.91477896535045,30.89164079635211],[76.77673348031908,30.904286662733107],[76.83785601377225,30.754532760003606],[76.82921720314576,30.681027176125202],[76.9259879799723,30.610117774979916],[76.88640960004436,30.429673503211134],[76.76875775842464,30.430805134079073],[76.62050537348829,30.264995646815482],[76.63880917083306,30.15181452074856],[76.53801501861368,30.074734646376868],[76.25365846546717,30.121610858622237],[76.18563034167649,29.892475285988137],[76.04344114383515,29.742726414685386],[75.8702238863487,29.74932559066957],[75.72064366655663,29.813556626762463],[75.63445902511037,29.755284755589066],[75.4558244404721,29.78429807994805],[75.34569857021668,29.696015646936416],[75.30944155115166,29.56084655351579],[75.18304257376026,29.62840571068794],[75.19145826622638,29.841250612788762],[74.9909139056574,29.86768915953055],[74.80598243091474,29.991955937704134],[74.59668777519929,29.91226880408077],[74.5271597397686,29.94278637118108],[74.616092094107,29.752155861702988],[74.57588276986289,29.56010980921998],[74.60731053848694,29.356226398432227],[74.93825471221136,29.36203866686257],[75.07551157883117,29.229695063050187],[75.34058247962065,29.281142975462963],[75.41196827597466,29.242760297604462],[75.39123600632851,29.062714622548942],[75.52034574890439,29.00378802219436],[75.49693918567426,28.856981883533187],[75.56149396533407,28.613221116361956],[75.81559318100985,28.40976256013031],[75.92953996346104,28.359136436395392],[76.07063276031158,28.165133760961748],[75.9383137055348,27.9140729211445],[75.97137211852048,27.851956598389656],[76.16815876067895,27.90337256369765],[76.17793812628906,28.045592989280337],[76.3565297031848,28.067474291049553],[76.47572146201739,28.148585994480744],[76.60506183177114,28.00395365708487],[76.71574083337457,28.127752181764475],[76.87488904698702,28.217789138929348],[76.97053708601528,28.138448502856356],[76.89830015569251,27.67754923309639],[77.10846971659579,27.786328477081177],[77.28369488032048,27.80108255520394],[77.54500349656288,27.953589455022428],[77.50123377784357,28.058546639861255],[77.51882170324684,28.242476305191236],[77.47762753978704,28.419069929391533],[77.3454328208287,28.513265547953917]]]},"properties":{"shapeName":"Haryāna","shapeISO":"IN-HR","shapeID":"1811400B68407848780347","shapeGroup":"IND","shapeType":"ADM1"}}
]}